gameorder,game_id,lg_id,_iscopy,year_id,date_game,seasongame,is_playoffs,team_id,fran_id,pts,elo_i,elo_n,win_equiv,opp_id,opp_fran,opp_pts,opp_elo_i,opp_elo_n,game_location,game_result,forecast,notes
549,194803280BOS,NBA,0,1948,3/28/1948,49,1,BOS,Celtics,72,1312.5914,1304.9589,31.554913,CHS,Stags,79,1438.3618,1445.9944,H,L,0.46298128,
552,194803310BOS,NBA,0,1948,3/31/1948,50,1,BOS,Celtics,81,1304.9589,1312.2666,32.283836,CHS,Stags,77,1445.9944,1438.6866,H,W,0.44121823,
555,194804020BOS,NBA,0,1948,4/2/1948,51,1,BOS,Celtics,74,1312.2666,1304.6532,31.524557,CHS,Stags,81,1438.6866,1446.3,H,L,0.46205163,
1893,195103200BOS,NBA,0,1951,3/20/1951,70,1,BOS,Celtics,69,1506.6257,1488.9506,39.948803,NYK,Knicks,83,1510.833,1528.5082,H,L,0.63446665,
1898,195103220NYK,NBA,1,1951,3/22/1951,71,1,BOS,Celtics,78,1488.9506,1481.7932,39.198959,NYK,Knicks,92,1528.5082,1535.6655,A,L,0.30930763,
2250,195203190BOS,NBA,0,1952,3/19/1952,67,1,BOS,Celtics,105,1574.9653,1582.4563,48.504478,NYK,Knicks,94,1579.5975,1572.1066,H,W,0.63389921,
2255,195203230NYK,NBA,1,1952,3/23/1952,68,1,BOS,Celtics,97,1582.4563,1578.0449,48.056339,NYK,Knicks,101,1572.1066,1576.5179,A,L,0.37377203,
2258,195203260BOS,NBA,0,1952,3/26/1952,69,1,BOS,Celtics,87,1578.0449,1572.3955,47.4799,NYK,Knicks,88,1576.5179,1582.1674,H,L,0.64208758,
2626,195303190SYR,NBA,1,1953,3/19/1953,72,1,BOS,Celtics,87,1584.0746,1596.8373,50.079281,SYR,Sixers,81,1646.4547,1633.692,A,W,0.28196502,
2629,195303210BOS,NBA,0,1953,3/21/1953,73,1,BOS,Celtics,111,1596.8373,1602.8749,50.67944,SYR,Sixers,105,1633.692,1627.6544,H,W,0.58988583,
2634,195303250NYK,NBA,1,1953,3/25/1953,74,1,BOS,Celtics,91,1602.8749,1599.1079,50.305485,NYK,Knicks,95,1627.8087,1631.5757,A,L,0.32757425,
2635,195303260BOS,NBA,0,1953,3/26/1953,75,1,BOS,Celtics,86,1599.1079,1609.8855,51.370834,NYK,Knicks,70,1631.5757,1620.7981,H,W,0.59598094,
2638,195303280NYK,NBA,1,1953,3/28/1953,76,1,BOS,Celtics,82,1609.8855,1599.8497,50.379257,NYK,Knicks,101,1620.7981,1630.8339,A,L,0.34559381,
2639,195303290BOS,NBA,0,1953,3/29/1953,77,1,BOS,Celtics,75,1599.8497,1589.1995,49.314182,NYK,Knicks,82,1630.8339,1641.4841,H,L,0.59803575,
2972,195403160NYK,NBA,1,1954,3/16/1954,73,1,BOS,Celtics,93,1599.2255,1618.9003,51.77879,NYK,Knicks,71,1532.0281,1512.3533,A,W,0.45293301,Round Robin
2974,195403170BOS,NBA,0,1954,3/17/1954,74,1,BOS,Celtics,95,1618.9003,1613.4047,51.240211,SYR,Sixers,96,1626.6836,1632.1792,H,L,0.62967944,Round Robin
2978,195403200BOS,NBA,0,1954,3/20/1954,75,1,BOS,Celtics,79,1613.4047,1615.0436,51.401234,NYK,Knicks,78,1509.2047,1507.5658,H,W,0.7641322,Round Robin
2982,195403220SYR,NBA,1,1954,3/22/1954,76,1,BOS,Celtics,85,1615.0436,1607.7805,50.685108,SYR,Sixers,98,1641.0214,1648.2844,A,L,0.32625192,Round Robin
2984,195403250SYR,NBA,1,1954,3/25/1954,77,1,BOS,Celtics,94,1607.7805,1600.3215,49.9431,SYR,Sixers,109,1648.2844,1655.7434,A,L,0.30814511,
2985,195403270BOS,NBA,0,1954,3/27/1954,78,1,BOS,Celtics,76,1600.3215,1590.4844,48.955105,SYR,Sixers,83,1655.7434,1665.5806,H,L,0.56380332,
3283,195503150BOS,NBA,0,1955,3/15/1955,73,1,BOS,Celtics,122,1478.5975,1494.5989,36.826786,NYK,Knicks,101,1563.2231,1547.2218,H,W,0.52211112,
3285,195503160NYK,NBA,1,1955,3/16/1955,74,1,BOS,Celtics,95,1494.5989,1490.1984,36.370518,NYK,Knicks,102,1547.2218,1551.6223,A,L,0.29347456,
3288,195503190NYK,NBA,1,1955,3/19/1955,75,1,BOS,Celtics,116,1490.1984,1504.0497,37.810089,NYK,Knicks,109,1551.6223,1537.771,A,W,0.28308076,
3291,195503220SYR,NBA,1,1955,3/22/1955,76,1,BOS,Celtics,100,1504.0497,1500.0463,37.39304,SYR,Sixers,110,1617.9969,1622.0004,A,L,0.22590512,
3293,195503240SYR,NBA,1,1955,3/24/1955,77,1,BOS,Celtics,110,1500.0463,1497.1838,37.095303,SYR,Sixers,116,1622.0004,1624.8628,A,L,0.21794701,
3294,195503260BOS,NBA,0,1955,3/26/1955,78,1,BOS,Celtics,100,1497.1838,1503.3556,37.737736,SYR,Sixers,97,1624.8628,1618.691,H,W,0.46025082,
3295,195503270BOS,NBA,0,1955,3/27/1955,79,1,BOS,Celtics,94,1503.3556,1490.08,36.358253,SYR,Sixers,110,1618.691,1631.9667,H,L,0.47794482,
3594,195603170BOS,NBA,0,1956,3/17/1956,73,1,BOS,Celtics,110,1506.8086,1517.9893,40.040173,SYR,Sixers,93,1538.2474,1527.0668,H,W,0.59740633,
3597,195603190SYR,NBA,1,1956,3/19/1956,74,1,BOS,Celtics,98,1517.9893,1514.4106,39.665089,SYR,Sixers,101,1527.0668,1530.6454,A,L,0.3479867,
3598,195603210BOS,NBA,0,1956,3/21/1956,75,1,BOS,Celtics,97,1514.4106,1505.0837,38.688721,SYR,Sixers,102,1530.6454,1539.9723,H,L,0.61826527,
3909,195703210BOS,NBA,0,1957,3/21/1957,73,1,BOS,Celtics,108,1602.563,1611.3055,50.247314,SYR,Sixers,90,1569.6427,1560.9001,H,W,0.68247098,
3911,195703230SYR,NBA,1,1957,3/23/1957,74,1,BOS,Celtics,120,1611.3055,1627.313,51.825546,SYR,Sixers,105,1560.9001,1544.8927,A,W,0.4291085,
3912,195703240BOS,NBA,0,1957,3/24/1957,75,1,BOS,Celtics,83,1627.313,1629.8422,52.071926,SYR,Sixers,80,1544.8927,1542.3635,H,W,0.74079323,
3915,195703300BOS,NBA,0,1957,3/30/1957,76,1,BOS,Celtics,123,1629.8422,1621.3307,51.239456,STL,Hawks,125,1541.0701,1549.5815,H,L,0.74775219,
3916,195703310BOS,NBA,0,1957,3/31/1957,77,1,BOS,Celtics,119,1621.3307,1629.1414,52.003742,STL,Hawks,99,1549.5815,1541.7709,H,W,0.72882468,
3917,195704060STL,NBA,1,1957,4/6/1957,78,1,BOS,Celtics,98,1629.1414,1624.5316,51.553627,STL,Hawks,100,1541.7709,1546.3806,A,L,0.48183268,
3918,195704070STL,NBA,1,1957,4/7/1957,79,1,BOS,Celtics,123,1624.5316,1632.144,52.295418,STL,Hawks,118,1546.3806,1538.7682,A,W,0.46859813,
3919,195704090BOS,NBA,0,1957,4/9/1957,80,1,BOS,Celtics,124,1632.144,1637.9105,52.852085,STL,Hawks,109,1538.7682,1533.0017,H,W,0.75271791,
3920,195704110STL,NBA,1,1957,4/11/1957,81,1,BOS,Celtics,94,1637.9105,1632.9911,52.377476,STL,Hawks,96,1533.0017,1537.9211,A,L,0.50706387,
3921,195704130BOS,NBA,0,1957,4/13/1957,82,1,BOS,Celtics,125,1632.9911,1635.0431,52.575855,STL,Hawks,123,1537.9211,1535.8691,H,W,0.75452864,
4215,195803190BOS,NBA,0,1958,3/19/1958,73,1,BOS,Celtics,107,1578.2423,1584.2632,47.940479,PHW,Warriors,98,1561.5762,1555.5553,H,W,0.66185784,
4218,195803220GSW,NBA,1,1958,3/22/1958,74,1,BOS,Celtics,109,1584.2632,1606.5902,50.191162,PHW,Warriors,87,1555.5553,1533.2283,A,W,0.39881849,
4219,195803230BOS,NBA,0,1958,3/23/1958,75,1,BOS,Celtics,106,1606.5902,1612.6748,50.795177,PHW,Warriors,92,1533.2283,1527.1437,H,W,0.73065561,
4222,195803260GSW,NBA,1,1958,3/26/1958,76,1,BOS,Celtics,97,1612.6748,1599.9193,49.52409,PHW,Warriors,112,1527.1437,1539.8992,A,L,0.47918963,
4223,195803270BOS,NBA,0,1958,3/27/1958,77,1,BOS,Celtics,93,1599.9193,1603.4719,49.879955,PHW,Warriors,88,1539.8992,1536.3466,H,W,0.71527636,
4225,195803290BOS,NBA,0,1958,3/29/1958,78,1,BOS,Celtics,102,1603.4719,1595.8693,49.11676,STL,Hawks,104,1559.4934,1567.0961,H,L,0.69610262,
4226,195803300BOS,NBA,0,1958,3/30/1958,79,1,BOS,Celtics,136,1595.8693,1606.7664,50.20871,STL,Hawks,112,1567.0961,1556.199,H,W,0.6772753,
4227,195804020STL,NBA,1,1958,4/2/1958,80,1,BOS,Celtics,108,1606.7664,1602.1484,49.747543,STL,Hawks,111,1556.199,1560.8169,A,L,0.42933691,
4228,195804050STL,NBA,1,1958,4/5/1958,81,1,BOS,Celtics,109,1602.1484,1615.6346,51.087395,STL,Hawks,98,1560.8169,1547.3307,A,W,0.41636276,
4229,195804090BOS,NBA,0,1958,4/9/1958,82,1,BOS,Celtics,100,1615.6346,1607.5396,50.285686,STL,Hawks,102,1547.3307,1555.4258,H,L,0.72488731,
4230,195804120STL,NBA,1,1958,4/12/1958,83,1,BOS,Celtics,109,1607.5396,1604.1799,49.95071,STL,Hawks,110,1555.4258,1558.7854,A,L,0.43151927,
4523,195903180BOS,NBA,0,1959,3/18/1959,73,1,BOS,Celtics,131,1628.0272,1639.6096,53.707989,SYR,Sixers,109,1626.3018,1614.7194,H,W,0.64235008,
4526,195903210SYR,NBA,1,1959,3/21/1959,74,1,BOS,Celtics,118,1639.6096,1636.022,53.366856,SYR,Sixers,120,1614.7194,1618.307,A,L,0.39356136,
4527,195903220BOS,NBA,0,1959,3/22/1959,75,1,BOS,Celtics,133,1636.022,1646.8014,54.38596,SYR,Sixers,111,1618.307,1607.5276,H,W,0.66320771,
4530,195903250SYR,NBA,1,1959,3/25/1959,76,1,BOS,Celtics,107,1646.8014,1637.6244,53.519459,SYR,Sixers,119,1607.5276,1616.7046,A,L,0.41348714,
4532,195903280BOS,NBA,0,1959,3/28/1959,77,1,BOS,Celtics,129,1637.6244,1647.9061,54.489391,SYR,Sixers,108,1616.7046,1606.4229,H,W,0.66731596,
4535,195903290SYR,NBA,1,1959,3/29/1959,78,1,BOS,Celtics,121,1647.9061,1638.645,53.616459,SYR,Sixers,133,1606.4229,1615.684,A,L,0.41657501,
4536,195904010BOS,NBA,0,1959,4/1/1959,79,1,BOS,Celtics,130,1638.645,1642.8748,54.016777,SYR,Sixers,125,1615.684,1611.4542,H,W,0.66991943,
4537,195904040BOS,NBA,0,1959,4/4/1959,80,1,BOS,Celtics,118,1642.8748,1644.8723,54.204887,MNL,Lakers,115,1514.1215,1512.1239,H,W,0.78865045,
4538,195904050BOS,NBA,0,1959,4/5/1959,81,1,BOS,Celtics,128,1644.8723,1650.6042,54.741203,MNL,Lakers,108,1512.1239,1506.392,H,W,0.7924583,
4539,195904070LAL,NBA,1,1959,4/7/1959,82,1,BOS,Celtics,123,1650.6042,1660.9406,55.694969,MNL,Lakers,110,1506.392,1496.0557,A,W,0.56328535,at Saint Paul MN
4540,195904090LAL,NBA,1,1959,4/9/1959,83,1,BOS,Celtics,118,1660.9406,1666.3956,56.191162,MNL,Lakers,113,1496.0557,1490.6006,A,W,0.59230626,
4846,196003160BOS,NBA,0,1960,3/16/1960,76,1,BOS,Celtics,111,1682.7645,1686.5768,58.184044,PHW,Warriors,105,1617.8534,1614.0411,H,W,0.72097534,
4849,196003180GSW,NBA,1,1960,3/18/1960,77,1,BOS,Celtics,110,1686.5768,1680.2339,57.631874,PHW,Warriors,115,1614.0411,1620.384,A,L,0.46055776,
4850,196003190BOS,NBA,0,1960,3/19/1960,78,1,BOS,Celtics,120,1680.2339,1691.2809,58.588745,PHW,Warriors,90,1620.384,1609.337,H,W,0.71507668,
4853,196003200GSW,NBA,1,1960,3/20/1960,79,1,BOS,Celtics,112,1691.2809,1700.9716,59.409283,PHW,Warriors,104,1609.337,1599.6464,A,W,0.47403848,
4854,196003220BOS,NBA,0,1960,3/22/1960,80,1,BOS,Celtics,107,1700.9716,1670.2198,56.745281,PHW,Warriors,128,1599.6464,1630.3981,H,L,0.76113659,
4857,196003240GSW,NBA,1,1960,3/24/1960,81,1,BOS,Celtics,119,1670.2198,1676.1666,57.273945,PHW,Warriors,117,1630.3981,1624.4513,A,W,0.41425234,
4859,196003270BOS,NBA,0,1960,3/27/1960,82,1,BOS,Celtics,140,1676.1666,1682.4351,57.824329,STL,Hawks,122,1574.8955,1568.6271,H,W,0.76107997,
4860,196003290BOS,NBA,0,1960,3/29/1960,83,1,BOS,Celtics,103,1682.4351,1663.0571,56.100285,STL,Hawks,113,1568.6271,1588.005,H,L,0.77395463,
4861,196004020STL,NBA,1,1960,4/2/1960,84,1,BOS,Celtics,102,1663.0571,1678.4303,57.473522,STL,Hawks,86,1588.005,1572.6318,A,W,0.46415871,
4862,196004030STL,NBA,1,1960,4/3/1960,85,1,BOS,Celtics,96,1678.4303,1667.8304,56.531105,STL,Hawks,106,1572.6318,1583.2317,A,L,0.50834388,
4863,196004050BOS,NBA,0,1960,4/5/1960,86,1,BOS,Celtics,127,1667.8304,1676.4103,57.295471,STL,Hawks,102,1583.2317,1574.6519,H,W,0.74319392,
4864,196004070STL,NBA,1,1960,4/7/1960,87,1,BOS,Celtics,102,1676.4103,1670.7834,56.79565,STL,Hawks,105,1574.6519,1580.2787,A,L,0.50253057,
4865,196004090BOS,NBA,0,1960,4/9/1960,88,1,BOS,Celtics,122,1670.7834,1677.6523,57.405037,STL,Hawks,103,1580.2787,1573.4098,H,W,0.74962878,
5189,196103190BOS,NBA,0,1961,3/19/1961,80,1,BOS,Celtics,128,1642.3127,1648.8591,54.958778,SYR,Sixers,115,1594.1328,1587.5864,H,W,0.70119447,
5192,196103210SYR,NBA,1,1961,3/21/1961,81,1,BOS,Celtics,98,1648.8591,1636.2289,53.774876,SYR,Sixers,115,1587.5864,1600.2167,A,L,0.44449663,
5194,196103230BOS,NBA,0,1961,3/23/1961,82,1,BOS,Celtics,133,1636.2289,1646.452,54.735085,SYR,Sixers,110,1600.2167,1589.9935,H,W,0.68631536,
5197,196103250SYR,NBA,1,1961,3/25/1961,83,1,BOS,Celtics,120,1646.452,1660.7297,56.048027,SYR,Sixers,107,1589.9935,1575.7158,A,W,0.43766475,
5198,196103260BOS,NBA,0,1961,3/26/1961,84,1,BOS,Celtics,123,1660.7297,1668.5498,56.752548,SYR,Sixers,101,1575.7158,1567.8958,H,W,0.74364978,
5202,196104020BOS,NBA,0,1961,4/2/1961,85,1,BOS,Celtics,129,1668.5498,1678.614,57.643394,STL,Hawks,95,1571.2994,1561.2352,H,W,0.75684589,
5203,196104050BOS,NBA,0,1961,4/5/1961,86,1,BOS,Celtics,116,1678.614,1682.0553,57.943806,STL,Hawks,108,1561.2352,1557.7939,H,W,0.77753049,
5204,196104080STL,NBA,1,1961,4/8/1961,87,1,BOS,Celtics,120,1682.0553,1675.1561,57.339363,STL,Hawks,124,1557.7939,1564.6931,A,L,0.53485823,
5205,196104090STL,NBA,1,1961,4/9/1961,88,1,BOS,Celtics,119,1675.1561,1688.1058,58.466698,STL,Hawks,104,1564.6931,1551.7434,A,W,0.51505291,
5206,196104110BOS,NBA,0,1961,4/11/1961,89,1,BOS,Celtics,121,1688.1058,1691.448,58.752602,STL,Hawks,112,1551.7434,1548.4012,H,W,0.79585904,
5576,196203240BOS,NBA,0,1962,3/24/1962,81,1,BOS,Celtics,117,1675.5839,1683.6936,60.15538,PHW,Warriors,89,1563.7156,1555.6058,H,W,0.77199525,
5580,196203270GSW,NBA,1,1962,3/27/1962,82,1,BOS,Celtics,106,1683.6936,1674.3932,59.384331,PHW,Warriors,113,1555.6058,1564.9063,A,L,0.54033375,
5581,196203280BOS,NBA,0,1962,3/28/1962,83,1,BOS,Celtics,129,1674.3932,1679.7073,59.826954,PHW,Warriors,114,1564.9063,1559.5922,H,W,0.76957339,
5584,196203310GSW,NBA,1,1962,3/31/1962,84,1,BOS,Celtics,106,1679.7073,1672.9077,59.259628,PHW,Warriors,110,1559.5922,1566.3917,A,L,0.52891564,
5585,196204010BOS,NBA,0,1962,4/1/1962,85,1,BOS,Celtics,119,1672.9077,1678.3031,59.710529,PHW,Warriors,104,1566.3917,1560.9963,H,W,0.76652664,
5587,196204030GSW,NBA,1,1962,4/3/1962,86,1,BOS,Celtics,99,1678.3031,1667.2561,58.781338,PHW,Warriors,109,1560.9963,1572.0433,A,L,0.52488589,
5588,196204050BOS,NBA,0,1962,4/5/1962,87,1,BOS,Celtics,109,1667.2561,1669.3065,58.955563,PHW,Warriors,107,1572.0433,1569.9929,H,W,0.75468087,
5589,196204070BOS,NBA,0,1962,4/7/1962,88,1,BOS,Celtics,122,1669.3065,1674.306,59.377026,LAL,Lakers,108,1556.8319,1551.8324,H,W,0.772609,
5590,196204080BOS,NBA,0,1962,4/8/1962,89,1,BOS,Celtics,122,1674.306,1658.2882,58.010036,LAL,Lakers,129,1551.8324,1567.8502,H,L,0.78256232,
5591,196204100LAL,NBA,1,1962,4/10/1962,90,1,BOS,Celtics,115,1658.2882,1653.625,57.603088,LAL,Lakers,117,1567.8502,1572.5134,A,L,0.48624265,
5592,196204110LAL,NBA,1,1962,4/11/1962,91,1,BOS,Celtics,115,1653.625,1666.0814,58.681164,LAL,Lakers,103,1572.5134,1560.057,A,W,0.47284412,
5593,196204140BOS,NBA,0,1962,4/14/1962,92,1,BOS,Celtics,121,1666.0814,1653.1722,57.563366,LAL,Lakers,126,1560.057,1572.9662,H,L,0.76601988,
5594,196204160LAL,NBA,1,1962,4/16/1962,93,1,BOS,Celtics,119,1653.1722,1666.9846,58.758209,LAL,Lakers,105,1572.9662,1559.1538,A,W,0.47154498,
5595,196204180BOS,NBA,0,1962,4/18/1962,94,1,BOS,Celtics,110,1666.9846,1669.21,58.947376,LAL,Lakers,107,1559.1538,1556.9285,H,W,0.76787847,
5965,196303280BOS,NBA,0,1963,3/28/1963,81,1,BOS,Celtics,132,1677.2874,1666.3578,58.291367,CIN,Kings,135,1542.7874,1553.7169,H,L,0.79411173,
5966,196303290CIN,NBA,1,1963,3/29/1963,82,1,BOS,Celtics,125,1666.3578,1683.5947,59.749779,CIN,Kings,102,1553.7169,1536.48,A,W,0.51818365,
5967,196303310BOS,NBA,0,1963,3/31/1963,83,1,BOS,Celtics,116,1683.5947,1669.46,58.557995,CIN,Kings,121,1536.48,1550.6147,H,L,0.80573112,
5970,196304030CIN,NBA,1,1963,4/3/1963,84,1,BOS,Celtics,128,1669.46,1683.6512,59.754467,CIN,Kings,110,1550.6147,1536.4235,A,W,0.52709389,
5972,196304060BOS,NBA,0,1963,4/6/1963,85,1,BOS,Celtics,125,1683.6512,1685.9329,59.943218,CIN,Kings,120,1536.4235,1534.1418,H,W,0.80583292,
5974,196304070CIN,NBA,1,1963,4/7/1963,86,1,BOS,Celtics,99,1685.9329,1673.5049,58.902935,CIN,Kings,109,1534.1418,1546.5698,A,L,0.57398605,
5977,196304100BOS,NBA,0,1963,4/10/1963,87,1,BOS,Celtics,142,1673.5049,1677.4768,59.238632,CIN,Kings,131,1546.5698,1542.5979,H,W,0.78690058,
5979,196304140BOS,NBA,0,1963,4/14/1963,88,1,BOS,Celtics,117,1677.4768,1679.3168,59.393116,LAL,Lakers,114,1533.0837,1531.2438,H,W,0.803267,
5980,196304160BOS,NBA,0,1963,4/16/1963,89,1,BOS,Celtics,113,1679.3168,1682.0321,59.619911,LAL,Lakers,106,1531.2438,1528.5284,H,W,0.80659306,
5981,196304170LAL,NBA,1,1963,4/17/1963,90,1,BOS,Celtics,99,1682.0321,1662.3047,57.940311,LAL,Lakers,119,1528.5284,1548.2559,A,L,0.57639503,
5982,196304190LAL,NBA,1,1963,4/19/1963,91,1,BOS,Celtics,108,1662.3047,1667.6097,58.399185,LAL,Lakers,105,1548.2559,1542.9508,A,W,0.52020687,
5983,196304210BOS,NBA,0,1963,4/21/1963,92,1,BOS,Celtics,119,1667.6097,1651.514,56.991066,LAL,Lakers,126,1542.9508,1559.0465,H,L,0.78469521,
5984,196304240LAL,NBA,1,1963,4/24/1963,93,1,BOS,Celtics,112,1651.514,1657.2605,57.499199,LAL,Lakers,109,1559.0465,1553.3,A,W,0.48916161,
6355,196403310BOS,NBA,0,1964,3/31/1964,81,1,BOS,Celtics,103,1646.7335,1654.609,56.944878,CIN,Kings,87,1608.5892,1600.7137,H,W,0.68895161,
6357,196404020BOS,NBA,0,1964,4/2/1964,82,1,BOS,Celtics,101,1654.609,1660.3339,57.451645,CIN,Kings,90,1600.7137,1594.9889,H,W,0.70804179,
6359,196404050CIN,NBA,1,1964,4/5/1964,83,1,BOS,Celtics,102,1660.3339,1672.0684,58.47176,CIN,Kings,92,1594.9889,1583.2544,A,W,0.45029217,
6361,196404070CIN,NBA,1,1964,4/7/1964,84,1,BOS,Celtics,93,1672.0684,1662.7313,57.662117,CIN,Kings,102,1583.2544,1592.5914,A,L,0.48390758,
6363,196404090BOS,NBA,0,1964,4/9/1964,85,1,BOS,Celtics,109,1662.7313,1668.9127,58.199928,CIN,Kings,95,1592.5914,1586.41,H,W,0.72698992,
6367,196404180BOS,NBA,0,1964,4/18/1964,86,1,BOS,Celtics,108,1668.9127,1674.5978,58.688301,SFW,Warriors,96,1602.142,1596.4569,H,W,0.72312373,
6368,196404200BOS,NBA,0,1964,4/20/1964,87,1,BOS,Celtics,124,1674.5978,1682.9468,59.394459,SFW,Warriors,101,1596.4569,1588.1079,H,W,0.73603505,
6369,196404220SFW,NBA,1,1964,4/22/1964,88,1,BOS,Celtics,91,1682.9468,1664.6766,57.832123,SFW,Warriors,115,1588.1079,1606.3781,A,L,0.49257308,
6370,196404240SFW,NBA,1,1964,4/24/1964,89,1,BOS,Celtics,98,1664.6766,1671.1511,58.392941,SFW,Warriors,95,1606.3781,1599.9036,A,W,0.4402734,
6371,196404260BOS,NBA,0,1964,4/26/1964,90,1,BOS,Celtics,105,1671.1511,1674.8474,58.70961,SFW,Warriors,99,1599.9036,1596.2073,H,W,0.7282536,
6741,196504040BOS,NBA,0,1965,4/4/1965,81,1,BOS,Celtics,108,1666.6632,1669.829,58.04454,PHI,Sixers,98,1508.0184,1504.8527,H,W,0.81590998,
6743,196504060PHI,NBA,1,1965,4/6/1965,82,1,BOS,Celtics,103,1669.829,1660.1643,57.197426,PHI,Sixers,109,1504.8527,1514.5173,A,L,0.59243333,
6745,196504080BOS,NBA,0,1965,4/8/1965,83,1,BOS,Celtics,112,1660.1643,1665.1438,57.636002,PHI,Sixers,94,1514.5173,1509.5378,H,W,0.80440515,
6747,196504090PHI,NBA,1,1965,4/9/1965,84,1,BOS,Celtics,131,1665.1438,1658.3644,57.0378,PHI,Sixers,134,1509.5378,1516.3173,A,L,0.57934707,
6748,196504110BOS,NBA,0,1965,4/11/1965,85,1,BOS,Celtics,114,1658.3644,1660.9412,57.266144,PHI,Sixers,108,1516.3173,1513.7405,H,W,0.80112416,
6751,196504130PHI,NBA,1,1965,4/13/1965,86,1,BOS,Celtics,106,1660.9412,1651.8199,56.452579,PHI,Sixers,112,1513.7405,1522.8617,A,L,0.56751239,
6752,196504150BOS,NBA,0,1965,4/15/1965,87,1,BOS,Celtics,110,1651.8199,1653.2626,56.58223,PHI,Sixers,109,1522.8617,1521.4191,H,W,0.78884703,
6753,196504180BOS,NBA,0,1965,4/18/1965,88,1,BOS,Celtics,142,1653.2626,1663.3235,57.476196,LAL,Lakers,110,1564.7993,1554.7384,H,W,0.74741668,
6754,196504190BOS,NBA,0,1965,4/19/1965,89,1,BOS,Celtics,129,1663.3235,1666.3898,57.745041,LAL,Lakers,123,1554.7384,1551.6721,H,W,0.76865149,
6755,196504210LAL,NBA,1,1965,4/21/1965,90,1,BOS,Celtics,105,1666.3898,1648.5143,56.15414,LAL,Lakers,126,1551.6721,1569.5476,A,L,0.52116776,
6756,196504230LAL,NBA,1,1965,4/23/1965,91,1,BOS,Celtics,112,1648.5143,1661.7303,57.335842,LAL,Lakers,99,1569.5476,1556.3315,A,W,0.46976751,
6757,196504250BOS,NBA,0,1965,4/25/1965,92,1,BOS,Celtics,129,1661.7303,1671.1779,58.161407,LAL,Lakers,96,1556.3315,1546.884,H,W,0.76537377,
7118,196603230BOS,NBA,0,1966,3/23/1966,81,1,BOS,Celtics,103,1594.1318,1582.7874,49.666622,CIN,Kings,107,1497.7184,1509.0629,H,L,0.7559582,
7120,196603260CIN,NBA,1,1966,3/26/1966,82,1,BOS,Celtics,132,1582.7874,1592.0294,50.587982,CIN,Kings,125,1509.0629,1499.8208,A,W,0.4622584,
7122,196603270BOS,NBA,0,1966,3/27/1966,83,1,BOS,Celtics,107,1592.0294,1578.2959,49.215466,CIN,Kings,113,1499.8208,1513.5543,H,L,0.75146514,
7123,196603300CIN,NBA,1,1966,3/30/1966,84,1,BOS,Celtics,120,1578.2959,1594.8929,50.871433,CIN,Kings,103,1513.5543,1496.9573,A,W,0.44943255,
7125,196604010BOS,NBA,0,1966,4/1/1966,85,1,BOS,Celtics,112,1594.8929,1598.9673,51.273018,CIN,Kings,103,1496.9573,1492.8829,H,W,0.75757116,
7128,196604030PHI,NBA,1,1966,4/3/1966,86,1,BOS,Celtics,115,1598.9673,1625.4747,53.83157,PHI,Sixers,96,1667.6249,1641.1174,A,W,0.2747069,
7129,196604060BOS,NBA,0,1966,4/6/1966,87,1,BOS,Celtics,114,1625.4747,1637.5702,54.964722,PHI,Sixers,93,1641.1174,1629.022,H,W,0.61906928,
7131,196604070PHI,NBA,1,1966,4/7/1966,88,1,BOS,Celtics,105,1637.5702,1632.2186,54.466198,PHI,Sixers,111,1629.022,1634.3735,A,L,0.37134784,
7133,196604100BOS,NBA,0,1966,4/10/1966,89,1,BOS,Celtics,114,1632.2186,1637.4221,54.950993,PHI,Sixers,108,1634.3735,1629.17,H,W,0.63720226,
7135,196604120PHI,NBA,1,1966,4/12/1966,90,1,BOS,Celtics,120,1637.4221,1649.7496,56.081863,PHI,Sixers,112,1629.17,1616.8425,A,W,0.37094998,
7138,196604170BOS,NBA,0,1966,4/17/1966,91,1,BOS,Celtics,129,1649.7496,1638.5248,55.053165,LAL,Lakers,133,1557.8154,1569.0403,H,L,0.75116998,
7139,196604190BOS,NBA,0,1966,4/19/1966,92,1,BOS,Celtics,129,1638.5248,1646.4225,55.779144,LAL,Lakers,109,1569.0403,1561.1426,H,W,0.72624052,
7140,196604200LAL,NBA,1,1966,4/20/1966,93,1,BOS,Celtics,120,1646.4225,1659.9885,57.001476,LAL,Lakers,106,1561.1426,1547.5765,A,W,0.47882873,
7141,196604220LAL,NBA,1,1966,4/22/1966,94,1,BOS,Celtics,122,1659.9885,1666.7079,57.59491,LAL,Lakers,117,1547.5765,1540.8572,A,W,0.51785469,
7142,196604240BOS,NBA,0,1966,4/24/1966,95,1,BOS,Celtics,117,1666.7079,1654.5758,56.517605,LAL,Lakers,121,1540.8572,1552.9893,H,L,0.78585202,
7143,196604260LAL,NBA,1,1966,4/26/1966,96,1,BOS,Celtics,115,1654.5758,1645.4435,55.689713,LAL,Lakers,123,1552.9893,1562.1216,A,L,0.50228322,
7144,196604280BOS,NBA,0,1966,4/28/1966,97,1,BOS,Celtics,95,1645.4435,1647.6196,55.888283,LAL,Lakers,93,1562.1216,1559.9454,H,W,0.74178863,
7550,196703210BOS,NBA,0,1967,3/21/1967,82,1,BOS,Celtics,140,1663.7166,1666.9583,59.208485,NYK,Knicks,110,1376.354,1373.1123,H,W,0.90289718,
7559,196703250NYK,NBA,1,1967,3/25/1967,83,1,BOS,Celtics,115,1666.9583,1670.553,59.509945,NYK,Knicks,108,1373.1123,1369.5176,A,W,0.75322127,
7561,196703260BOS,NBA,0,1967,3/26/1967,84,1,BOS,Celtics,112,1670.553,1641.059,56.964851,NYK,Knicks,123,1369.5176,1399.0116,H,L,0.90958232,
7563,196703280NYK,NBA,1,1967,3/28/1967,85,1,BOS,Celtics,118,1641.059,1646.4126,57.438717,NYK,Knicks,109,1399.0116,1393.658,A,W,0.69374585,
7565,196703310PHI,NBA,1,1967,3/31/1967,86,1,BOS,Celtics,113,1646.4126,1640.5256,56.917362,PHI,Sixers,127,1726.4745,1732.3615,A,L,0.2618221,
7567,196704020BOS,NBA,0,1967,4/2/1967,87,1,BOS,Celtics,102,1640.5256,1633.2755,56.266872,PHI,Sixers,107,1732.3615,1739.6116,H,L,0.51174706,
7568,196704050PHI,NBA,1,1967,4/5/1967,88,1,BOS,Celtics,104,1633.2755,1628.8588,55.866142,PHI,Sixers,115,1739.6116,1744.0283,A,L,0.23365873,
7571,196704090BOS,NBA,0,1967,4/9/1967,89,1,BOS,Celtics,121,1628.8588,1635.5402,56.471043,PHI,Sixers,117,1744.0283,1737.3469,H,W,0.47818312,
7573,196704110PHI,NBA,1,1967,4/11/1967,90,1,BOS,Celtics,116,1635.5402,1627.8966,55.778408,PHI,Sixers,140,1737.3469,1744.9905,A,L,0.23835975,
8506,196803240BOS,NBA,0,1968,3/24/1968,83,1,BOS,Celtics,123,1533.1008,1536.848,49.417164,DET,Pistons,116,1447.5558,1443.8086,H,W,0.74423224,
8510,196803250DET,NBA,1,1968,3/25/1968,84,1,BOS,Celtics,116,1536.848,1526.7347,48.39584,DET,Pistons,126,1443.8086,1453.9219,A,L,0.48998427,
8519,196803270BOS,NBA,0,1968,3/27/1968,85,1,BOS,Celtics,98,1526.7347,1508.0781,46.487541,DET,Pistons,109,1453.9219,1472.5785,H,L,0.73003316,
8525,196803280DET,NBA,1,1968,3/28/1968,86,1,BOS,Celtics,135,1508.0781,1532.0034,48.929188,DET,Pistons,110,1472.5785,1448.6532,A,W,0.4082284,
8532,196803310BOS,NBA,0,1968,3/31/1968,87,1,BOS,Celtics,110,1532.0034,1537.7952,49.51228,DET,Pistons,96,1448.6532,1442.8615,H,W,0.7418198,
8537,196804010DET,NBA,1,1968,4/1/1968,88,1,BOS,Celtics,111,1537.7952,1547.0443,50.435944,DET,Pistons,103,1442.8615,1433.6123,A,W,0.49270958,
8543,196804050PHI,NBA,1,1968,4/5/1968,89,1,BOS,Celtics,127,1547.0443,1565.9137,52.288403,PHI,Sixers,118,1677.6688,1658.7994,A,W,0.20955974,
8547,196804100BOS,NBA,0,1968,4/10/1968,90,1,BOS,Celtics,106,1565.9137,1555.9237,51.313282,PHI,Sixers,115,1658.7994,1668.7894,H,L,0.5102368,
8551,196804110PHI,NBA,1,1968,4/11/1968,91,1,BOS,Celtics,114,1555.9237,1552.4016,50.966431,PHI,Sixers,122,1668.7894,1672.3115,A,L,0.22699571,
8557,196804140BOS,NBA,0,1968,4/14/1968,92,1,BOS,Celtics,105,1552.4016,1545.8711,50.319317,PHI,Sixers,110,1672.3115,1678.842,H,L,0.47137865,
8559,196804150PHI,NBA,1,1968,4/15/1968,93,1,BOS,Celtics,122,1545.8711,1575.5476,53.21587,PHI,Sixers,104,1678.842,1649.1655,A,W,0.20733112,
8560,196804170BOS,NBA,0,1968,4/17/1968,94,1,BOS,Celtics,114,1575.5476,1583.7654,53.996349,PHI,Sixers,106,1649.1655,1640.9478,H,W,0.53789407,
8562,196804190PHI,NBA,1,1968,4/19/1968,95,1,BOS,Celtics,100,1583.7654,1594.0657,54.959969,PHI,Sixers,96,1640.9478,1630.6475,A,W,0.28806216,
8564,196804210BOS,NBA,0,1968,4/21/1968,96,1,BOS,Celtics,107,1594.0657,1599.043,55.419521,LAL,Lakers,101,1586.223,1581.2457,H,W,0.65039873,
8565,196804240BOS,NBA,0,1968,4/24/1968,97,1,BOS,Celtics,113,1599.043,1583.8435,54.003719,LAL,Lakers,123,1581.2457,1596.4452,H,L,0.66331351,
8568,196804260LAL,NBA,1,1968,4/26/1968,98,1,BOS,Celtics,127,1583.8435,1596.9469,55.226486,LAL,Lakers,119,1596.4452,1583.3418,A,W,0.34339809,
8570,196804280LAL,NBA,1,1968,4/28/1968,99,1,BOS,Celtics,105,1596.9469,1588.2788,54.420647,LAL,Lakers,118,1583.3418,1592.0099,A,L,0.37816858,
8571,196804300BOS,NBA,0,1968,4/30/1968,100,1,BOS,Celtics,120,1588.2788,1592.067,54.774303,LAL,Lakers,117,1592.0099,1588.2217,H,W,0.63510215,
8573,196805020LAL,NBA,1,1968,5/2/1968,101,1,BOS,Celtics,124,1592.067,1610.589,56.469627,LAL,Lakers,109,1588.2217,1569.6997,A,W,0.36505026,
9554,196903260PHI,NBA,1,1969,3/26/1969,83,1,BOS,Celtics,114,1534.8207,1554.3409,52.28994,PHI,Sixers,100,1565.4191,1545.8988,A,W,0.32043254,
9563,196903280BOS,NBA,0,1969,3/28/1969,84,1,BOS,Celtics,134,1554.3409,1568.7163,53.668926,PHI,Sixers,103,1545.8988,1531.5234,H,W,0.65118295,
9574,196903300PHI,NBA,1,1969,3/30/1969,85,1,BOS,Celtics,125,1568.7163,1579.1582,54.65131,PHI,Sixers,118,1531.5234,1521.0815,A,W,0.41058517,
9579,196904010BOS,NBA,0,1969,4/1/1969,86,1,BOS,Celtics,116,1579.1582,1570.032,53.793625,PHI,Sixers,119,1521.0815,1530.2078,H,L,0.71299249,
9593,196904040PHI,NBA,1,1969,4/4/1969,87,1,BOS,Celtics,93,1570.032,1576.9126,54.441471,PHI,Sixers,90,1530.2078,1523.3271,A,W,0.4142558,
9600,196904060NYK,NBA,1,1969,4/6/1969,88,1,BOS,Celtics,108,1576.9126,1592.3226,55.865044,NYK,Knicks,100,1650.4287,1635.0187,A,W,0.26916975,
9607,196904090BOS,NBA,0,1969,4/9/1969,89,1,BOS,Celtics,112,1592.3226,1603.0918,56.836243,NYK,Knicks,97,1635.0187,1624.2495,H,W,0.58172727,
9610,196904100NYK,NBA,1,1969,4/10/1969,90,1,BOS,Celtics,91,1603.0918,1596.8029,56.271515,NYK,Knicks,101,1624.2495,1630.5385,A,L,0.33238006,
9619,196904130BOS,NBA,0,1969,4/13/1969,91,1,BOS,Celtics,97,1596.8029,1599.918,56.552105,NYK,Knicks,96,1630.5385,1627.4233,H,W,0.59422243,
9624,196904140NYK,NBA,1,1969,4/14/1969,92,1,BOS,Celtics,104,1599.918,1594.5739,56.069714,NYK,Knicks,112,1627.4233,1632.7675,A,L,0.32432199,
9635,196904180BOS,NBA,0,1969,4/18/1969,93,1,BOS,Celtics,106,1594.5739,1597.7473,56.356762,NYK,Knicks,105,1632.7675,1629.594,H,W,0.58802003,
9642,196904230LAL,NBA,1,1969,4/23/1969,94,1,BOS,Celtics,118,1597.7473,1594.7534,56.086002,LAL,Lakers,120,1614.0337,1617.0276,A,L,0.33863163,
9645,196904250LAL,NBA,1,1969,4/25/1969,95,1,BOS,Celtics,112,1594.7534,1590.0911,55.661312,LAL,Lakers,118,1617.0276,1621.6899,A,L,0.33095551,
9649,196904270BOS,NBA,0,1969,4/27/1969,96,1,BOS,Celtics,111,1590.0911,1595.9976,56.198708,LAL,Lakers,105,1621.6899,1615.7834,H,W,0.59718478,
9650,196904290BOS,NBA,0,1969,4/29/1969,97,1,BOS,Celtics,89,1595.9976,1598.9341,56.463665,LAL,Lakers,88,1615.7834,1612.8469,H,W,0.61342913,
9652,196905010LAL,NBA,1,1969,5/1/1969,98,1,BOS,Celtics,104,1598.9341,1591.2599,55.768124,LAL,Lakers,117,1612.8469,1620.5211,A,L,0.34169835,
9654,196905030BOS,NBA,0,1969,5/3/1969,99,1,BOS,Celtics,99,1591.2599,1598.6222,56.435593,LAL,Lakers,90,1620.5211,1613.1588,H,W,0.60041749,
9656,196905050LAL,NBA,1,1969,5/5/1969,100,1,BOS,Celtics,108,1598.6222,1605.6342,57.062565,LAL,Lakers,106,1613.1588,1606.1469,A,W,0.34089106,
13172,197203290BOS,NBA,0,1972,3/29/1972,83,1,BOS,Celtics,126,1570.4719,1576.3275,53.17783,ATL,Hawks,108,1455.8588,1450.0032,H,W,0.77476454,
13179,197203310ATL,NBA,1,1972,3/31/1972,84,1,BOS,Celtics,104,1576.3275,1565.6323,52.146805,ATL,Hawks,113,1450.0032,1460.6984,A,L,0.53781146,
13188,197204020BOS,NBA,0,1972,4/2/1972,85,1,BOS,Celtics,136,1565.6323,1572.9316,52.852211,ATL,Hawks,113,1460.6984,1453.399,H,W,0.76489294,
13192,197204040ATL,NBA,1,1972,4/4/1972,86,1,BOS,Celtics,110,1572.9316,1567.7474,52.351967,ATL,Hawks,112,1453.399,1458.5833,A,L,0.52808011,
13205,197204070BOS,NBA,0,1972,4/7/1972,87,1,BOS,Celtics,124,1567.7474,1571.8502,52.748173,ATL,Hawks,114,1458.5833,1454.4805,H,W,0.76924372,
13210,197204090ATL,NBA,1,1972,4/9/1972,88,1,BOS,Celtics,127,1571.8502,1580.9711,53.620365,ATL,Hawks,118,1454.4805,1445.3596,A,W,0.52497625,
13217,197204130BOS,NBA,0,1972,4/13/1972,89,1,BOS,Celtics,94,1580.9711,1550.8987,50.70142,NYK,Knicks,116,1502.6646,1532.7369,H,L,0.73622024,
13224,197204160NYK,NBA,1,1972,4/16/1972,90,1,BOS,Celtics,105,1550.8987,1547.9825,50.412148,NYK,Knicks,106,1532.7369,1535.6531,A,L,0.3843562,
13227,197204190BOS,NBA,0,1972,4/19/1972,91,1,BOS,Celtics,115,1547.9825,1552.8605,50.895447,NYK,Knicks,109,1535.6531,1530.7751,H,W,0.65624845,
13229,197204210NYK,NBA,1,1972,4/21/1972,92,1,BOS,Celtics,98,1552.8605,1541.6859,49.784199,NYK,Knicks,116,1530.7751,1541.9497,A,L,0.38971442,
13232,197204230BOS,NBA,0,1972,4/23/1972,93,1,BOS,Celtics,103,1541.6859,1529.0624,48.512474,NYK,Knicks,111,1541.9497,1554.5732,H,L,0.63971508,
14376,197304010BOS,NBA,0,1973,4/1/1973,83,1,BOS,Celtics,134,1712.8502,1717.3412,64.051239,ATL,Hawks,109,1505.8524,1501.3615,H,W,0.85411179,
14386,197304040ATL,NBA,1,1973,4/4/1973,84,1,BOS,Celtics,126,1717.3412,1724.9438,64.590668,ATL,Hawks,113,1501.3615,1493.7588,A,W,0.66097295,
14393,197304060BOS,NBA,0,1973,4/6/1973,85,1,BOS,Celtics,105,1724.9438,1695.9186,62.467186,ATL,Hawks,118,1493.7588,1522.7841,H,L,0.87062031,
14401,197304080ATL,NBA,1,1973,4/8/1973,86,1,BOS,Celtics,94,1695.9186,1688.7488,61.916054,ATL,Hawks,97,1522.7841,1529.9539,A,L,0.60372162,
14407,197304110BOS,NBA,0,1973,4/11/1973,87,1,BOS,Celtics,108,1688.7488,1691.3131,62.114372,ATL,Hawks,101,1529.9539,1527.3895,H,W,0.81603974,
14410,197304130ATL,NBA,1,1973,4/13/1973,88,1,BOS,Celtics,121,1691.3131,1703.1664,63.013657,ATL,Hawks,103,1527.3895,1515.5363,A,W,0.59096926,
14415,197304150BOS,NBA,0,1973,4/15/1973,89,1,BOS,Celtics,134,1703.1664,1711.4215,63.622952,NYK,Knicks,108,1605.2731,1597.0179,H,W,0.7575264,
14420,197304180NYK,NBA,1,1973,4/18/1973,90,1,BOS,Celtics,96,1711.4215,1686.7245,61.758564,NYK,Knicks,129,1597.0179,1621.715,A,L,0.52071655,
14425,197304200BOS,NBA,0,1973,4/20/1973,91,1,BOS,Celtics,91,1686.7245,1672.7466,60.648579,NYK,Knicks,98,1621.715,1635.6929,H,L,0.72108924,
14430,197304220NYK,NBA,1,1973,4/22/1973,92,1,BOS,Celtics,110,1672.7466,1666.1726,60.113106,NYK,Knicks,117,1635.6929,1642.2668,A,L,0.41039133,
14433,197304250BOS,NBA,0,1973,4/25/1973,93,1,BOS,Celtics,98,1666.1726,1668.5914,60.311115,NYK,Knicks,97,1642.2668,1639.848,H,W,0.67112088,
14435,197304270NYK,NBA,1,1973,4/27/1973,94,1,BOS,Celtics,110,1668.5914,1681.8221,61.373726,NYK,Knicks,100,1639.848,1626.6173,A,W,0.39886755,
14437,197304290BOS,NBA,0,1973,4/29/1973,95,1,BOS,Celtics,78,1681.8221,1659.0417,59.522705,NYK,Knicks,94,1626.6173,1649.3977,H,L,0.70959765,
15570,197403300BOS,NBA,0,1974,3/30/1974,83,1,BOS,Celtics,107,1552.2445,1557.804,49.277855,BUF,Clippers,97,1504.6309,1499.0714,H,W,0.70051104,
15581,197404020BUF,NBA,1,1974,4/2/1974,84,1,BOS,Celtics,105,1557.804,1548.9457,48.382595,BUF,Clippers,115,1499.0714,1507.9297,A,L,0.44088906,
15584,197404030BOS,NBA,0,1974,4/3/1974,85,1,BOS,Celtics,120,1548.9457,1555.7177,49.067707,BUF,Clippers,107,1507.9297,1501.1577,H,W,0.69248301,
15594,197404060BUF,NBA,1,1974,4/6/1974,86,1,BOS,Celtics,102,1555.7177,1551.6616,48.657902,BUF,Clippers,104,1501.1577,1505.2137,A,L,0.43497682,
15605,197404090BOS,NBA,0,1974,4/9/1974,87,1,BOS,Celtics,100,1551.6616,1554.6732,48.962337,BUF,Clippers,97,1505.2137,1502.2021,H,W,0.69910127,
15610,197404120BUF,NBA,1,1974,4/12/1974,88,1,BOS,Celtics,106,1554.6732,1560.3789,49.536598,BUF,Clippers,104,1502.2021,1496.4965,A,W,0.43202388,
15616,197404140BOS,NBA,0,1974,4/14/1974,89,1,BOS,Celtics,113,1560.3789,1572.1992,50.714966,NYK,Knicks,88,1542.9973,1531.177,H,W,0.66277891,
15620,197404160NYK,NBA,1,1974,4/16/1974,90,1,BOS,Celtics,111,1572.1992,1586.4651,52.114651,NYK,Knicks,99,1531.177,1516.9111,A,W,0.41593009,
15625,197404190BOS,NBA,0,1974,4/19/1974,91,1,BOS,Celtics,100,1586.4651,1577.0695,51.195705,NYK,Knicks,103,1516.9111,1526.3068,H,L,0.72631997,
15628,197404210NYK,NBA,1,1974,4/21/1974,92,1,BOS,Celtics,98,1577.0695,1587.0601,52.172447,NYK,Knicks,91,1526.3068,1516.3162,A,W,0.4296124,
15631,197404240BOS,NBA,0,1974,4/24/1974,93,1,BOS,Celtics,105,1587.0601,1592.3365,52.682922,NYK,Knicks,94,1516.3162,1511.0397,H,W,0.72767949,
15634,197404280MIL,NBA,1,1974,4/28/1974,94,1,BOS,Celtics,98,1592.3365,1617.6392,55.0741,MIL,Bucks,83,1708.9922,1683.6896,A,W,0.22319037,
15635,197404300MIL,NBA,1,1974,4/30/1974,95,1,BOS,Celtics,96,1617.6392,1612.8668,54.630653,MIL,Bucks,105,1683.6896,1688.4619,A,L,0.27770728,
15637,197405030BOS,NBA,0,1974,5/3/1974,96,1,BOS,Celtics,95,1612.8668,1623.4799,55.611771,MIL,Bucks,83,1688.4619,1677.8489,H,W,0.53506386,
15639,197405050BOS,NBA,0,1974,5/5/1974,97,1,BOS,Celtics,89,1623.4799,1612.826,54.62685,MIL,Bucks,97,1677.8489,1688.5027,H,L,0.56529325,
15641,197405070MIL,NBA,1,1974,5/7/1974,98,1,BOS,Celtics,96,1612.826,1629.4354,56.154152,MIL,Bucks,87,1688.5027,1671.8933,A,W,0.26673019,
15643,197405100BOS,NBA,0,1974,5/10/1974,99,1,BOS,Celtics,101,1629.4354,1624.5031,55.705379,MIL,Bucks,102,1671.8933,1676.8257,H,L,0.58206081,
15645,197405120MIL,NBA,1,1974,5/12/1974,100,1,BOS,Celtics,102,1624.5031,1646.1566,57.644047,MIL,Bucks,87,1676.8257,1655.1721,A,W,0.29383314,
16833,197504140BOS,NBA,0,1975,4/14/1975,83,1,BOS,Celtics,123,1674.1715,1677.6636,60.591911,HOU,Rockets,106,1470.3425,1466.8505,H,W,0.8518241,
16838,197504160BOS,NBA,0,1975,4/16/1975,84,1,BOS,Celtics,112,1677.6636,1680.332,60.807201,HOU,Rockets,100,1466.8505,1464.182,H,W,0.8568272,
16846,197504190HOU,NBA,1,1975,4/19/1975,85,1,BOS,Celtics,102,1680.332,1660.7043,59.191006,HOU,Rockets,117,1464.182,1483.8097,A,L,0.6611926,
16853,197504220HOU,NBA,1,1975,4/22/1975,86,1,BOS,Celtics,122,1660.7043,1665.8901,59.625309,HOU,Rockets,117,1483.8097,1478.6239,A,W,0.60888821,
16858,197504240BOS,NBA,0,1975,4/24/1975,87,1,BOS,Celtics,128,1665.8901,1669.0907,59.890755,HOU,Rockets,115,1478.6239,1475.4233,H,W,0.83938205,
16864,197504270BOS,NBA,0,1975,4/27/1975,88,1,BOS,Celtics,95,1669.0907,1658.2827,58.986431,WSB,Wizards,100,1634.1418,1644.9498,H,L,0.68499607,
16870,197504300WSB,NBA,1,1975,4/30/1975,89,1,BOS,Celtics,92,1658.2827,1644.7357,57.821648,WSB,Wizards,117,1644.9498,1658.4968,A,L,0.37780017,
16872,197505030BOS,NBA,0,1975,5/3/1975,90,1,BOS,Celtics,101,1644.7357,1652.5309,58.496075,WSB,Wizards,90,1658.4968,1650.7017,H,W,0.62162024,
16876,197505070WSB,NBA,1,1975,5/7/1975,91,1,BOS,Celtics,108,1652.5309,1645.1317,57.856178,WSB,Wizards,119,1650.7017,1658.1008,A,L,0.36236447,
16878,197505090BOS,NBA,0,1975,5/9/1975,92,1,BOS,Celtics,103,1645.1317,1649.5935,58.243259,WSB,Wizards,99,1658.1008,1653.639,H,W,0.62269199,
16880,197505110WSB,NBA,1,1975,5/11/1975,93,1,BOS,Celtics,92,1649.5935,1644.531,57.803783,WSB,Wizards,98,1653.639,1658.7015,A,L,0.35458755,
17961,197604210BOS,NBA,0,1976,4/21/1976,83,1,BOS,Celtics,107,1531.8636,1537.3182,46.763912,BUF,Clippers,98,1493.7917,1488.3372,H,W,0.68886226,
17968,197604230BOS,NBA,0,1976,4/23/1976,84,1,BOS,Celtics,101,1537.3182,1541.0638,47.148514,BUF,Clippers,96,1488.3372,1484.5916,H,W,0.70215982,
17971,197604250BUF,NBA,1,1976,4/25/1976,85,1,BOS,Celtics,93,1541.0638,1535.1108,46.536766,BUF,Clippers,98,1484.5916,1490.5446,A,L,0.4376843,
17977,197604280BUF,NBA,1,1976,4/28/1976,86,1,BOS,Celtics,122,1535.1108,1531.2162,46.135159,BUF,Clippers,124,1490.5446,1494.4392,A,L,0.42089456,
17981,197604300BOS,NBA,0,1976,4/30/1976,87,1,BOS,Celtics,99,1531.2162,1537.4242,46.774807,BUF,Clippers,88,1494.4392,1488.2312,H,W,0.68726236,
17984,197605020BUF,NBA,1,1976,5/2/1976,88,1,BOS,Celtics,104,1537.4242,1544.9738,47.548809,BUF,Clippers,100,1488.2312,1480.6816,A,W,0.42739964,
17988,197605060BOS,NBA,0,1976,5/6/1976,89,1,BOS,Celtics,111,1544.9738,1552.8932,48.35561,CLE,Cavaliers,99,1549.7003,1541.7809,H,W,0.63377309,
17992,197605090BOS,NBA,0,1976,5/9/1976,90,1,BOS,Celtics,94,1552.8932,1557.3569,48.807819,CLE,Cavaliers,89,1541.7809,1537.3171,H,W,0.65466619,
17994,197605110CLE,NBA,1,1976,5/11/1976,91,1,BOS,Celtics,78,1557.3569,1552.2385,48.289127,CLE,Cavaliers,83,1537.3171,1542.4355,A,L,0.38691753,
17998,197605140CLE,NBA,1,1976,5/14/1976,92,1,BOS,Celtics,87,1552.2385,1541.2384,47.166412,CLE,Cavaliers,106,1542.4355,1553.4357,A,L,0.37303561,
18000,197605160BOS,NBA,0,1976,5/16/1976,93,1,BOS,Celtics,99,1541.2384,1546.1866,47.672729,CLE,Cavaliers,94,1553.4357,1548.4874,H,W,0.62373531,
18002,197605180CLE,NBA,1,1976,5/18/1976,94,1,BOS,Celtics,94,1546.1866,1557.9718,48.869957,CLE,Cavaliers,87,1548.4874,1536.7023,A,W,0.35688943,
18003,197605230BOS,NBA,0,1976,5/23/1976,95,1,BOS,Celtics,98,1557.9718,1564.8789,49.565357,PHO,Suns,87,1544.3925,1537.4854,H,W,0.6578697,
18004,197605270BOS,NBA,0,1976,5/27/1976,96,1,BOS,Celtics,105,1564.8789,1572.8076,50.357281,PHO,Suns,90,1537.4854,1529.5566,H,W,0.67553699,
18005,197605300PHO,NBA,1,1976,5/30/1976,97,1,BOS,Celtics,98,1572.8076,1566.0631,49.684078,PHO,Suns,105,1529.5566,1536.3011,A,L,0.41905022,
18006,197606020PHO,NBA,1,1976,6/2/1976,98,1,BOS,Celtics,107,1566.0631,1562.4008,49.316429,PHO,Suns,109,1536.3011,1539.9635,A,L,0.40027422,
18007,197606040BOS,NBA,0,1976,6/4/1976,99,1,BOS,Celtics,128,1562.4008,1565.3119,49.608784,PHO,Suns,126,1539.9635,1537.0524,H,W,0.66925234,
18008,197606060PHO,NBA,1,1976,6/6/1976,100,1,BOS,Celtics,87,1565.3119,1576.054,50.679451,PHO,Suns,80,1537.0524,1526.3103,A,W,0.39819986,
18911,197704120BOS,NBA,0,1977,4/12/1977,83,1,BOS,Celtics,104,1489.6228,1497.6906,40.494934,SAS,Spurs,94,1525.4425,1517.3748,H,W,0.59132642,
18918,197704150SAS,NBA,1,1977,4/15/1977,84,1,BOS,Celtics,113,1497.6906,1507.0029,41.471714,SAS,Spurs,109,1517.3748,1508.0624,A,W,0.33426499,
18920,197704170PHI,NBA,1,1977,4/17/1977,85,1,BOS,Celtics,113,1507.0029,1515.5914,42.37212,PHI,Sixers,111,1599.5535,1590.965,A,W,0.24816746,
18926,197704200PHI,NBA,1,1977,4/20/1977,86,1,BOS,Celtics,101,1515.5914,1510.1407,41.800777,PHI,Sixers,113,1590.965,1596.4156,A,L,0.2670716,
18928,197704220BOS,NBA,0,1977,4/22/1977,87,1,BOS,Celtics,100,1510.1407,1499.9103,40.727753,PHI,Sixers,109,1596.4156,1606.6461,H,L,0.51974171,
18931,197704240BOS,NBA,0,1977,4/24/1977,88,1,BOS,Celtics,124,1499.9103,1507.1229,41.484299,PHI,Sixers,119,1606.6461,1599.4335,H,W,0.49030757,
18938,197704270PHI,NBA,1,1977,4/27/1977,89,1,BOS,Celtics,91,1507.1229,1500.3159,40.770302,PHI,Sixers,110,1599.4335,1606.2405,A,L,0.2484253,
18939,197704290BOS,NBA,0,1977,4/29/1977,90,1,BOS,Celtics,113,1500.3159,1507.5073,41.524616,PHI,Sixers,108,1606.2405,1599.0491,H,W,0.49147469,
18944,197705010PHI,NBA,1,1977,5/1/1977,91,1,BOS,Celtics,77,1507.5073,1504.1647,41.174015,PHI,Sixers,83,1599.0491,1602.3917,A,L,0.2492525,
21788,198004090BOS,NBA,0,1980,4/9/1980,83,1,BOS,Celtics,119,1666.9353,1671.8582,57.604008,HOU,Rockets,101,1519.134,1514.2112,H,W,0.80634898,
21793,198004110BOS,NBA,0,1980,4/11/1980,84,1,BOS,Celtics,95,1671.8582,1676.8818,58.04224,HOU,Rockets,75,1514.2112,1509.1875,H,W,0.81504565,
21797,198004130HOU,NBA,1,1980,4/13/1980,85,1,BOS,Celtics,100,1676.8818,1688.9923,59.079403,HOU,Rockets,81,1509.1875,1497.077,A,W,0.59620565,
21800,198004140HOU,NBA,1,1980,4/14/1980,86,1,BOS,Celtics,138,1688.9923,1699.1088,59.924397,HOU,Rockets,121,1497.077,1486.9606,A,W,0.62927479,
21804,198004180BOS,NBA,0,1980,4/18/1980,87,1,BOS,Celtics,93,1699.1088,1690.1246,59.174957,PHI,Sixers,96,1647.1018,1656.0859,H,L,0.70578969,
21806,198004200BOS,NBA,0,1980,4/20/1980,88,1,BOS,Celtics,96,1690.1246,1694.5403,59.545254,PHI,Sixers,90,1656.0859,1651.6703,H,W,0.68386447,
21810,198004230PHI,NBA,1,1980,4/23/1980,89,1,BOS,Celtics,97,1694.5403,1690.6726,59.221115,PHI,Sixers,99,1651.6703,1655.538,A,L,0.4185164,
21811,198004250PHI,NBA,1,1980,4/25/1980,90,1,BOS,Celtics,90,1690.6726,1681.6521,58.454056,PHI,Sixers,102,1655.538,1664.5585,A,L,0.40772092,
21813,198004270BOS,NBA,0,1980,4/27/1980,91,1,BOS,Celtics,94,1681.6521,1665.5563,57.047798,PHI,Sixers,105,1664.5585,1680.6543,H,L,0.66240835,
22773,198104050BOS,NBA,0,1981,4/5/1981,83,1,BOS,Celtics,121,1625.9442,1633.1823,54.888752,CHI,Bulls,109,1610.5132,1603.2751,H,W,0.66026479,
22777,198104070BOS,NBA,0,1981,4/7/1981,84,1,BOS,Celtics,106,1633.1823,1638.8484,55.412292,CHI,Bulls,97,1603.2751,1597.609,H,W,0.67870033,
22783,198104100CHI,NBA,1,1981,4/10/1981,85,1,BOS,Celtics,113,1638.8484,1648.3219,56.275707,CHI,Bulls,107,1597.609,1588.1355,A,W,0.41623384,
22787,198104120CHI,NBA,1,1981,4/12/1981,86,1,BOS,Celtics,109,1648.3219,1657.2203,57.072643,CHI,Bulls,103,1588.1355,1579.2371,A,W,0.44295311,
22800,198104210BOS,NBA,0,1981,4/21/1981,87,1,BOS,Celtics,104,1657.2203,1651.9469,56.602032,PHI,Sixers,105,1678.5692,1683.8427,H,L,0.61129344,
22802,198104220BOS,NBA,0,1981,4/22/1981,88,1,BOS,Celtics,118,1651.9469,1664.0366,57.673595,PHI,Sixers,99,1683.8427,1671.7529,H,W,0.59677356,
22805,198104240PHI,NBA,1,1981,4/24/1981,89,1,BOS,Celtics,100,1664.0366,1657.3531,57.084435,PHI,Sixers,110,1671.7529,1678.4364,A,L,0.34976667,
22807,198104260PHI,NBA,1,1981,4/26/1981,90,1,BOS,Celtics,105,1657.3531,1654.424,56.8237,PHI,Sixers,107,1678.4364,1681.3656,A,L,0.33247519,
22808,198104290BOS,NBA,0,1981,4/29/1981,91,1,BOS,Celtics,111,1654.424,1658.043,57.145615,PHI,Sixers,109,1681.3656,1677.7466,H,W,0.60361671,
22810,198105010PHI,NBA,1,1981,5/1/1981,92,1,BOS,Celtics,100,1658.043,1665.1581,57.77166,PHI,Sixers,98,1677.7466,1670.6315,A,W,0.33424014,
22811,198105030BOS,NBA,0,1981,5/3/1981,93,1,BOS,Celtics,91,1665.1581,1667.918,58.01202,PHI,Sixers,90,1670.6315,1667.8716,H,W,0.63277471,
22812,198105050BOS,NBA,0,1981,5/5/1981,94,1,BOS,Celtics,98,1667.918,1670.298,58.218166,HOU,Rockets,95,1573.3342,1570.9542,H,W,0.75400984,
22813,198105070BOS,NBA,0,1981,5/7/1981,95,1,BOS,Celtics,90,1670.298,1661.5709,57.457176,HOU,Rockets,92,1570.9542,1579.6813,H,L,0.75905669,
22814,198105090HOU,NBA,1,1981,5/9/1981,96,1,BOS,Celtics,94,1661.5709,1680.8596,59.120193,HOU,Rockets,71,1579.6813,1560.3926,A,W,0.4739607,
22815,198105100HOU,NBA,1,1981,5/10/1981,97,1,BOS,Celtics,86,1680.8596,1673.2842,58.475334,HOU,Rockets,91,1560.3926,1567.968,A,L,0.52942038,
22816,198105120BOS,NBA,0,1981,5/12/1981,98,1,BOS,Celtics,109,1673.2842,1681.8857,59.206707,HOU,Rockets,80,1567.968,1559.3665,H,W,0.76528835,
22817,198105140HOU,NBA,1,1981,5/14/1981,99,1,BOS,Celtics,102,1681.8857,1692.0022,60.048752,HOU,Rockets,91,1559.3665,1549.25,A,W,0.53236258,
23770,198204250BOS,NBA,0,1982,4/25/1982,83,1,BOS,Celtics,109,1685.785,1692.5299,59.893005,WSB,Wizards,91,1599.0806,1592.3357,H,W,0.74550056,
23775,198204280BOS,NBA,0,1982,4/28/1982,84,1,BOS,Celtics,102,1692.5299,1685.2151,59.283455,WSB,Wizards,103,1592.3357,1599.6505,H,L,0.75995094,
23782,198205010WSB,NBA,1,1982,5/1/1982,85,1,BOS,Celtics,92,1685.2151,1695.4716,60.135204,WSB,Wizards,83,1599.6505,1589.394,A,W,0.47923768,
23786,198205020WSB,NBA,1,1982,5/2/1982,86,1,BOS,Celtics,103,1695.4716,1701.6553,60.638802,WSB,Wizards,99,1589.394,1583.2103,A,W,0.50874531,
23787,198205050BOS,NBA,0,1982,5/5/1982,87,1,BOS,Celtics,131,1701.6553,1704.308,60.85252,WSB,Wizards,126,1583.2103,1580.5576,H,W,0.77859032,
23791,198205090BOS,NBA,0,1982,5/9/1982,88,1,BOS,Celtics,121,1704.308,1721.7537,62.222916,PHI,Sixers,81,1697.1394,1679.6937,H,W,0.64951587,
23794,198205120BOS,NBA,0,1982,5/12/1982,89,1,BOS,Celtics,113,1721.7537,1707.5406,61.111069,PHI,Sixers,121,1679.6937,1693.9067,H,L,0.69376123,
23796,198205150PHI,NBA,1,1982,5/15/1982,90,1,BOS,Celtics,97,1707.5406,1704.1219,60.837578,PHI,Sixers,99,1693.9067,1697.3254,A,L,0.37820756,
23798,198205160PHI,NBA,1,1982,5/16/1982,91,1,BOS,Celtics,94,1704.1219,1690.955,59.762638,PHI,Sixers,119,1697.3254,1710.4924,A,L,0.36899692,
23799,198205190BOS,NBA,0,1982,5/19/1982,92,1,BOS,Celtics,114,1690.955,1706.4376,61.023083,PHI,Sixers,85,1710.4924,1695.0098,H,W,0.61376816,
23800,198205210PHI,NBA,1,1982,5/21/1982,93,1,BOS,Celtics,88,1706.4376,1722.9156,62.312008,PHI,Sixers,75,1695.0098,1678.5317,A,W,0.37522584,
23801,198205230BOS,NBA,0,1982,5/23/1982,94,1,BOS,Celtics,106,1722.9156,1702.6569,60.719658,PHI,Sixers,120,1678.5317,1698.7905,H,L,0.69659603,
24751,198304190BOS,NBA,0,1983,4/19/1983,83,1,BOS,Celtics,103,1599.5029,1603.4354,51.646423,ATL,Hawks,95,1508.3575,1504.425,H,W,0.75032032,
24757,198304220ATL,NBA,1,1983,4/22/1983,84,1,BOS,Celtics,93,1603.4354,1598.6211,51.173985,ATL,Hawks,95,1504.425,1509.2394,A,L,0.49857581,
24759,198304240BOS,NBA,0,1983,4/24/1983,85,1,BOS,Celtics,98,1598.6211,1605.5287,51.850903,ATL,Hawks,79,1509.2394,1502.3318,H,W,0.7484135,
24765,198304270BOS,NBA,0,1983,4/27/1983,86,1,BOS,Celtics,95,1605.5287,1579.239,49.243912,MIL,Bucks,116,1566.8734,1593.1631,H,L,0.68958157,
24768,198304290BOS,NBA,0,1983,4/29/1983,87,1,BOS,Celtics,91,1579.239,1570.7979,48.390697,MIL,Bucks,95,1593.1631,1601.6042,H,L,0.62139958,
24772,198305010MIL,NBA,1,1983,5/1/1983,88,1,BOS,Celtics,99,1570.7979,1565.5348,47.855297,MIL,Bucks,107,1601.6042,1606.8673,A,L,0.32017183,
24776,198305020MIL,NBA,1,1983,5/2/1983,89,1,BOS,Celtics,93,1565.5348,1558.4369,47.129452,MIL,Bucks,107,1606.8673,1613.9652,A,L,0.30712914,
25737,198404170BOS,NBA,0,1984,4/17/1984,83,1,BOS,Celtics,91,1686.8444,1688.4967,59.292637,WSB,Wizards,83,1435.0675,1433.4152,H,W,0.88339603,
25745,198404190BOS,NBA,0,1984,4/19/1984,84,1,BOS,Celtics,88,1688.4967,1689.4951,59.376423,WSB,Wizards,85,1433.4152,1432.4167,H,W,0.88534135,
25755,198404210WSB,NBA,1,1984,4/21/1984,85,1,BOS,Celtics,108,1689.4951,1680.3922,58.60548,WSB,Wizards,111,1432.4167,1441.5197,A,L,0.71181512,
25766,198404240WSB,NBA,1,1984,4/24/1984,86,1,BOS,Celtics,99,1680.3922,1683.5133,58.871582,WSB,Wizards,96,1441.5197,1438.3986,A,W,0.68984926,
25775,198404290BOS,NBA,0,1984,4/29/1984,87,1,BOS,Celtics,110,1683.5133,1689.4734,59.374599,NYK,Knicks,92,1572.3456,1566.3855,H,W,0.77128464,
25780,198405020BOS,NBA,0,1984,5/2/1984,88,1,BOS,Celtics,116,1689.4734,1694.2064,59.769199,NYK,Knicks,102,1566.3855,1561.6525,H,W,0.78316337,
25784,198405040NYK,NBA,1,1984,5/4/1984,89,1,BOS,Celtics,92,1694.2064,1684.0134,58.914051,NYK,Knicks,100,1561.6525,1571.8455,A,L,0.54671228,
25788,198405060NYK,NBA,1,1984,5/6/1984,90,1,BOS,Celtics,113,1684.0134,1676.6581,58.284702,NYK,Knicks,118,1571.8455,1579.2008,A,L,0.51750398,
25793,198405090BOS,NBA,0,1984,5/9/1984,91,1,BOS,Celtics,121,1676.6581,1684.0051,58.913349,NYK,Knicks,99,1579.2008,1571.8538,H,W,0.75706506,
25796,198405110NYK,NBA,1,1984,5/11/1984,92,1,BOS,Celtics,104,1684.0051,1678.9552,58.482342,NYK,Knicks,106,1571.8538,1576.9037,A,L,0.51748013,
25798,198405130BOS,NBA,0,1984,5/13/1984,93,1,BOS,Celtics,121,1678.9552,1684.9598,58.994289,NYK,Knicks,104,1576.9037,1570.899,H,W,0.7618959,
25799,198405150BOS,NBA,0,1984,5/15/1984,94,1,BOS,Celtics,119,1684.9598,1694.6808,59.808506,MIL,Bucks,96,1638.2472,1628.5262,H,W,0.69942176,
25801,198405170BOS,NBA,0,1984,5/17/1984,95,1,BOS,Celtics,125,1694.6808,1701.2783,60.35067,MIL,Bucks,110,1628.5262,1621.9287,H,W,0.72241294,
25803,198405190MIL,NBA,1,1984,5/19/1984,96,1,BOS,Celtics,109,1701.2783,1711.7632,61.194611,MIL,Bucks,100,1621.9287,1611.4438,A,W,0.47031665,
25805,198405210MIL,NBA,1,1984,5/21/1984,97,1,BOS,Celtics,113,1711.7632,1702.0179,60.410915,MIL,Bucks,122,1611.4438,1621.1891,A,L,0.50045955,
25806,198405230BOS,NBA,0,1984,5/23/1984,98,1,BOS,Celtics,115,1702.0179,1705.854,60.721657,MIL,Bucks,108,1621.1891,1617.353,H,W,0.7390303,
25809,198405270BOS,NBA,0,1984,5/27/1984,99,1,BOS,Celtics,109,1705.854,1692.7502,59.648258,LAL,Lakers,115,1632.9745,1646.0782,H,L,0.7301088,
25810,198405310BOS,NBA,0,1984,5/31/1984,100,1,BOS,Celtics,124,1692.7502,1695.7587,59.897663,LAL,Lakers,121,1646.0782,1643.0698,H,W,0.69937259,
25811,198406030LAL,NBA,1,1984,6/3/1984,101,1,BOS,Celtics,104,1695.7587,1676.229,58.247677,LAL,Lakers,137,1643.0698,1662.5995,A,L,0.4323315,
25812,198406060LAL,NBA,1,1984,6/6/1984,102,1,BOS,Celtics,129,1676.229,1684.6777,58.97039,LAL,Lakers,125,1662.5995,1654.1508,A,W,0.3782016,
25813,198406080BOS,NBA,0,1984,6/8/1984,103,1,BOS,Celtics,121,1684.6777,1693.5181,59.712078,LAL,Lakers,103,1654.1508,1645.3104,H,W,0.67947793,
25814,198406100LAL,NBA,1,1984,6/10/1984,104,1,BOS,Celtics,108,1693.5181,1684.5094,58.956123,LAL,Lakers,119,1645.3104,1654.3191,A,L,0.42601204,
25815,198406120BOS,NBA,0,1984,6/12/1984,105,1,BOS,Celtics,111,1684.5094,1690.1681,59.432789,LAL,Lakers,102,1654.3191,1648.6604,H,W,0.67905569,
26760,198504180BOS,NBA,0,1985,4/18/1985,83,1,BOS,Celtics,126,1667.8104,1669.6433,57.585754,CLE,Cavaliers,123,1522.6919,1520.859,H,W,0.80392611,
26767,198504200BOS,NBA,0,1985,4/20/1985,84,1,BOS,Celtics,108,1669.6433,1671.1969,57.721828,CLE,Cavaliers,106,1520.859,1519.3054,H,W,0.80723107,
26775,198504230CLE,NBA,1,1985,4/23/1985,85,1,BOS,Celtics,98,1671.1969,1661.1185,56.831337,CLE,Cavaliers,105,1519.3054,1529.3838,A,L,0.57412744,
26783,198504250CLE,NBA,1,1985,4/25/1985,86,1,BOS,Celtics,117,1661.1185,1665.4015,57.21199,CLE,Cavaliers,115,1529.3838,1525.1008,A,W,0.54554337,
26790,198504280BOS,NBA,0,1985,4/28/1985,87,1,BOS,Celtics,133,1665.4015,1676.5573,58.187939,DET,Pistons,99,1588.7935,1577.6377,H,W,0.73431712,
26794,198504300BOS,NBA,0,1985,4/30/1985,88,1,BOS,Celtics,121,1676.5573,1680.0612,58.48975,DET,Pistons,114,1577.6377,1574.1338,H,W,0.75860983,
26799,198505020DET,NBA,1,1985,5/2/1985,89,1,BOS,Celtics,117,1680.0612,1670.783,57.685616,DET,Pistons,125,1574.1338,1583.412,A,L,0.50852931,
26803,198505050DET,NBA,1,1985,5/5/1985,90,1,BOS,Celtics,99,1670.783,1665.4493,57.216225,DET,Pistons,102,1583.412,1588.7456,A,L,0.48183334,
26809,198505080BOS,NBA,0,1985,5/8/1985,91,1,BOS,Celtics,130,1665.4493,1669.3644,57.561275,DET,Pistons,123,1588.7456,1584.8306,H,W,0.73442459,
26810,198505100DET,NBA,1,1985,5/10/1985,92,1,BOS,Celtics,123,1669.3644,1680.3394,58.513615,DET,Pistons,113,1584.8306,1573.8556,A,W,0.47775704,
26812,198505120BOS,NBA,0,1985,5/12/1985,93,1,BOS,Celtics,108,1680.3394,1687.9393,59.159904,PHI,Sixers,93,1643.8301,1636.2301,H,W,0.68693107,
26813,198505140BOS,NBA,0,1985,5/14/1985,94,1,BOS,Celtics,106,1687.9393,1692.7094,59.559914,PHI,Sixers,98,1636.2301,1631.4601,H,W,0.70543367,
26816,198505180PHI,NBA,1,1985,5/18/1985,95,1,BOS,Celtics,105,1692.7094,1705.3352,60.597385,PHI,Sixers,94,1631.4601,1618.8342,A,W,0.44446331,
26818,198505190PHI,NBA,1,1985,5/19/1985,96,1,BOS,Celtics,104,1705.3352,1694.8645,59.739208,PHI,Sixers,115,1618.8342,1629.3049,A,L,0.48058313,
26819,198505220BOS,NBA,0,1985,5/22/1985,97,1,BOS,Celtics,102,1694.8645,1697.2391,59.935711,PHI,Sixers,100,1629.3049,1626.9303,H,W,0.72172564,
26821,198505270BOS,NBA,0,1985,5/27/1985,98,1,BOS,Celtics,148,1697.2391,1717.3362,61.554279,LAL,Lakers,114,1751.595,1731.4979,H,W,0.56531191,
26822,198505300BOS,NBA,0,1985,5/30/1985,99,1,BOS,Celtics,102,1717.3362,1706.1157,60.660492,LAL,Lakers,109,1731.4979,1742.7184,H,L,0.62107766,
26823,198506020LAL,NBA,1,1985,6/2/1985,100,1,BOS,Celtics,111,1706.1157,1695.2981,59.775169,LAL,Lakers,136,1742.7184,1753.536,A,L,0.31295335,
26824,198506050LAL,NBA,1,1985,6/5/1985,101,1,BOS,Celtics,107,1695.2981,1703.189,60.423233,LAL,Lakers,105,1753.536,1745.6451,A,W,0.28681761,
26825,198506070LAL,NBA,1,1985,6/7/1985,102,1,BOS,Celtics,111,1703.189,1697.8456,59.985722,LAL,Lakers,120,1745.6451,1750.9885,A,L,0.30575436,
26826,198506090BOS,NBA,0,1985,6/9/1985,103,1,BOS,Celtics,100,1697.8456,1684.8718,58.900364,LAL,Lakers,111,1750.9885,1763.9623,H,L,0.56702685,
27771,198604170BOS,NBA,0,1986,4/17/1986,83,1,BOS,Celtics,123,1770.1971,1771.8296,65.478607,CHI,Bulls,104,1421.3157,1419.6832,H,W,0.92982274,
27781,198604200BOS,NBA,0,1986,4/20/1986,84,1,BOS,Celtics,135,1771.8296,1772.4702,65.521812,CHI,Bulls,131,1419.6832,1419.0427,H,W,0.93103921,
27786,198604220CHI,NBA,1,1986,4/22/1986,85,1,BOS,Celtics,122,1772.4702,1777.2479,65.841347,CHI,Bulls,104,1419.0427,1414.265,A,W,0.81135607,
27799,198604270BOS,NBA,0,1986,4/27/1986,86,1,BOS,Celtics,103,1777.2479,1780.2686,66.040947,ATL,Hawks,91,1588.8519,1585.8313,H,W,0.84025693,
27802,198604290BOS,NBA,0,1986,4/29/1986,87,1,BOS,Celtics,119,1780.2686,1783.0337,66.222015,ATL,Hawks,108,1585.8313,1583.0662,H,W,0.84486973,
27807,198605020ATL,NBA,1,1986,5/2/1986,88,1,BOS,Celtics,111,1783.0337,1787.2498,66.495079,ATL,Hawks,107,1583.0662,1578.8501,A,W,0.64002192,
27811,198605040ATL,NBA,1,1986,5/4/1986,89,1,BOS,Celtics,94,1787.2498,1770.6576,65.399353,ATL,Hawks,106,1578.8501,1595.4423,A,L,0.65112746,
27815,198605060BOS,NBA,0,1986,5/6/1986,90,1,BOS,Celtics,132,1770.6576,1777.1969,65.837959,ATL,Hawks,99,1595.4423,1588.903,H,W,0.82980794,
27824,198605130BOS,NBA,0,1986,5/13/1986,91,1,BOS,Celtics,128,1777.1969,1786.8003,66.466141,MIL,Bucks,96,1679.4698,1669.8665,H,W,0.75735056,
27826,198605150BOS,NBA,0,1986,5/15/1986,92,1,BOS,Celtics,122,1786.8003,1790.9835,66.733864,MIL,Bucks,111,1669.8665,1665.6832,H,W,0.77708715,
27828,198605170MIL,NBA,1,1986,5/17/1986,93,1,BOS,Celtics,111,1790.9835,1796.7318,67.095924,MIL,Bucks,107,1665.6832,1659.9349,A,W,0.53634584,
27830,198605180MIL,NBA,1,1986,5/18/1986,94,1,BOS,Celtics,111,1796.7318,1807.3783,67.748795,MIL,Bucks,98,1659.9349,1649.2885,A,W,0.55275786,
27832,198605260BOS,NBA,0,1986,5/26/1986,95,1,BOS,Celtics,112,1807.3783,1810.7708,67.952026,HOU,Rockets,100,1640.3105,1636.9181,H,W,0.82308143,
27833,198605290BOS,NBA,0,1986,5/29/1986,96,1,BOS,Celtics,117,1810.7708,1815.6918,68.242737,HOU,Rockets,95,1636.9181,1631.9971,H,W,0.82869726,
27834,198606010HOU,NBA,1,1986,6/1/1986,97,1,BOS,Celtics,104,1815.6918,1809.2893,67.863564,HOU,Rockets,106,1631.9971,1638.3995,A,L,0.61816943,
27835,198606030HOU,NBA,1,1986,6/3/1986,98,1,BOS,Celtics,106,1809.2893,1813.5151,68.114746,HOU,Rockets,103,1638.3995,1634.1737,A,W,0.60062605,
27836,198606050HOU,NBA,1,1986,6/5/1986,99,1,BOS,Celtics,96,1813.5151,1795.9121,67.044708,HOU,Rockets,111,1634.1737,1651.7767,A,L,0.61223722,
27837,198606080BOS,NBA,0,1986,6/8/1986,100,1,BOS,Celtics,114,1795.9121,1800.7395,67.344376,HOU,Rockets,97,1651.7767,1646.9493,H,W,0.80303246,
28781,198704230BOS,NBA,0,1987,4/23/1987,83,1,BOS,Celtics,108,1675.696,1677.8683,58.185585,CHI,Bulls,104,1539.3923,1537.2201,H,W,0.79580414,
28793,198704260BOS,NBA,0,1987,4/26/1987,84,1,BOS,Celtics,105,1677.8683,1681.1359,58.467129,CHI,Bulls,96,1537.2201,1533.9525,H,W,0.79983801,
28797,198704280CHI,NBA,1,1987,4/28/1987,85,1,BOS,Celtics,105,1681.1359,1690.3145,59.247227,CHI,Bulls,94,1533.9525,1524.7739,A,W,0.56748796,
28815,198705050BOS,NBA,0,1987,5/5/1987,86,1,BOS,Celtics,111,1690.3145,1695.7078,59.698105,MIL,Bucks,98,1602.394,1597.0007,H,W,0.74682629,
28818,198705060BOS,NBA,0,1987,5/6/1987,87,1,BOS,Celtics,126,1695.7078,1697.7224,59.865086,MIL,Bucks,124,1597.0007,1594.9861,H,W,0.75838572,
28822,198705080MIL,NBA,1,1987,5/8/1987,88,1,BOS,Celtics,121,1697.7224,1690.614,59.272415,MIL,Bucks,126,1594.9861,1602.0945,A,L,0.50393784,
28827,198705100MIL,NBA,1,1987,5/10/1987,89,1,BOS,Celtics,138,1690.614,1694.8281,59.62495,MIL,Bucks,137,1602.0945,1597.8804,A,W,0.48348427,
28831,198705130BOS,NBA,0,1987,5/13/1987,90,1,BOS,Celtics,124,1694.8281,1682.1888,58.55743,MIL,Bucks,129,1597.8804,1610.5197,H,L,0.75652522,
28833,198705150MIL,NBA,1,1987,5/15/1987,91,1,BOS,Celtics,111,1682.1888,1672.8669,57.750832,MIL,Bucks,121,1610.5197,1619.8416,A,L,0.45931882,
28835,198705170BOS,NBA,0,1987,5/17/1987,92,1,BOS,Celtics,119,1672.8669,1676.9041,58.102127,MIL,Bucks,113,1619.8416,1615.8044,H,W,0.70700556,
28836,198705190BOS,NBA,0,1987,5/19/1987,93,1,BOS,Celtics,104,1676.9041,1683.8612,58.70042,DET,Pistons,91,1641.6451,1634.688,H,W,0.68538105,
28838,198705210BOS,NBA,0,1987,5/21/1987,94,1,BOS,Celtics,110,1683.8612,1689.0372,59.139633,DET,Pistons,101,1634.688,1629.512,H,W,0.70239109,
28839,198705230DET,NBA,1,1987,5/23/1987,95,1,BOS,Celtics,104,1689.0372,1675.9954,58.023319,DET,Pistons,122,1629.512,1642.5538,A,L,0.44201428,
28841,198705240DET,NBA,1,1987,5/24/1987,96,1,BOS,Celtics,119,1675.9954,1660.8176,56.684795,DET,Pistons,145,1642.5538,1657.7316,A,L,0.40536946,
28843,198705260BOS,NBA,0,1987,5/26/1987,97,1,BOS,Celtics,108,1660.8176,1663.4751,56.922138,DET,Pistons,107,1657.7316,1655.0741,H,W,0.6441474,
28844,198705280DET,NBA,1,1987,5/28/1987,98,1,BOS,Celtics,105,1663.4751,1657.1957,56.359329,DET,Pistons,113,1655.0741,1661.3535,A,L,0.37115008,
28845,198705300BOS,NBA,0,1987,5/30/1987,99,1,BOS,Celtics,117,1657.1957,1660.9911,56.700325,DET,Pistons,114,1661.3535,1657.5581,H,W,0.63453263,
28846,198706020LAL,NBA,1,1987,6/2/1987,100,1,BOS,Celtics,113,1660.9911,1655.2909,56.187252,LAL,Lakers,126,1737.7618,1743.462,A,L,0.26550019,
28847,198706040LAL,NBA,1,1987,6/4/1987,101,1,BOS,Celtics,122,1655.2909,1648.3413,55.554192,LAL,Lakers,141,1743.462,1750.4116,A,L,0.2529009,
28848,198706070BOS,NBA,0,1987,6/7/1987,102,1,BOS,Celtics,109,1648.3413,1656.1331,56.263409,LAL,Lakers,103,1750.4116,1742.6199,H,W,0.4970206,
28849,198706090BOS,NBA,0,1987,6/9/1987,103,1,BOS,Celtics,106,1656.1331,1651.8882,55.878307,LAL,Lakers,107,1742.6199,1746.8647,H,L,0.51943725,
28850,198706110BOS,NBA,0,1987,6/11/1987,104,1,BOS,Celtics,123,1651.8882,1665.1039,57.066986,LAL,Lakers,108,1746.8647,1733.649,H,W,0.50722879,
28851,198706140LAL,NBA,1,1987,6/14/1987,105,1,BOS,Celtics,93,1665.1039,1659.1691,56.536942,LAL,Lakers,106,1733.649,1739.5839,A,L,0.27483588,
29800,198804290BOS,NBA,0,1988,4/29/1988,83,1,BOS,Celtics,112,1643.7446,1650.1472,55.680161,NYK,Knicks,92,1532.3529,1525.9503,H,W,0.77151203,
29807,198805010BOS,NBA,0,1988,5/1/1988,84,1,BOS,Celtics,128,1650.1472,1657.3617,56.335503,NYK,Knicks,102,1525.9503,1518.7358,H,W,0.78424555,
29817,198805040NYK,NBA,1,1988,5/4/1988,85,1,BOS,Celtics,100,1657.3617,1646.2054,55.318398,NYK,Knicks,109,1518.7358,1529.8921,A,L,0.55535918,
29824,198805060NYK,NBA,1,1988,5/6/1988,86,1,BOS,Celtics,102,1646.2054,1654.7473,56.099045,NYK,Knicks,94,1529.8921,1521.3502,A,W,0.52345955,
29834,198805110BOS,NBA,0,1988,5/11/1988,87,1,BOS,Celtics,110,1654.7473,1659.0065,56.483658,ATL,Hawks,101,1565.6377,1561.3785,H,W,0.74811846,
29837,198805130BOS,NBA,0,1988,5/13/1988,88,1,BOS,Celtics,108,1659.0065,1663.6227,56.896957,ATL,Hawks,97,1561.3785,1556.7623,H,W,0.75724566,
29841,198805150ATL,NBA,1,1988,5/15/1988,89,1,BOS,Celtics,92,1663.6227,1648.0057,55.483944,ATL,Hawks,110,1556.7623,1572.3793,A,L,0.50987154,
29845,198805160ATL,NBA,1,1988,5/16/1988,90,1,BOS,Celtics,109,1648.0057,1639.1268,54.662365,ATL,Hawks,118,1572.3793,1581.2582,A,L,0.46498108,
29848,198805180BOS,NBA,0,1988,5/18/1988,91,1,BOS,Celtics,104,1639.1268,1624.3135,53.264061,ATL,Hawks,112,1581.2582,1596.0715,H,L,0.7127474,
29852,198805200ATL,NBA,1,1988,5/20/1988,92,1,BOS,Celtics,102,1624.3135,1630.4835,53.850544,ATL,Hawks,100,1596.0715,1589.9015,A,W,0.3981756,
29854,198805220BOS,NBA,0,1988,5/22/1988,93,1,BOS,Celtics,118,1630.4835,1633.1594,54.103115,ATL,Hawks,116,1589.9015,1587.2256,H,W,0.6919508,
29856,198805250BOS,NBA,0,1988,5/25/1988,94,1,BOS,Celtics,96,1633.1594,1622.1329,53.05545,DET,Pistons,104,1677.0911,1688.1176,H,L,0.57999563,
29858,198805260BOS,NBA,0,1988,5/26/1988,95,1,BOS,Celtics,119,1622.1329,1627.6888,53.585606,DET,Pistons,115,1688.1176,1682.5616,H,W,0.54879624,
29860,198805280DET,NBA,1,1988,5/28/1988,96,1,BOS,Celtics,94,1627.6888,1624.4161,53.273865,DET,Pistons,98,1682.5616,1685.8344,A,L,0.29079634,
29862,198805300DET,NBA,1,1988,5/30/1988,97,1,BOS,Celtics,79,1624.4161,1631.0709,53.906082,DET,Pistons,78,1685.8344,1679.1796,A,W,0.28308749,
29864,198806010BOS,NBA,0,1988,6/1/1988,98,1,BOS,Celtics,96,1631.0709,1621.8073,53.024235,DET,Pistons,102,1679.1796,1688.4432,H,L,0.57412732,
29866,198806030DET,NBA,1,1988,6/3/1988,99,1,BOS,Celtics,90,1621.8073,1618.3667,52.693531,DET,Pistons,95,1688.4432,1691.8838,A,L,0.2770316,
30905,198904280DET,NBA,1,1989,4/28/1989,83,1,BOS,Celtics,91,1516.0647,1513.7755,43.730152,DET,Pistons,101,1733.8271,1736.1163,A,L,0.13833505,
30912,198904300DET,NBA,1,1989,4/30/1989,84,1,BOS,Celtics,95,1513.7755,1511.9668,43.54121,DET,Pistons,102,1736.1163,1737.925,A,L,0.13522339,
30916,198905020BOS,NBA,0,1989,5/2/1989,85,1,BOS,Celtics,85,1511.9668,1503.9855,42.70628,DET,Pistons,100,1737.925,1745.9064,H,L,0.32627663,
32069,199004260BOS,NBA,0,1990,4/26/1990,83,1,BOS,Celtics,116,1607.0664,1610.4678,54.404659,NYK,Knicks,105,1450.7532,1447.3518,H,W,0.81388551,
32077,199004280BOS,NBA,0,1990,4/28/1990,84,1,BOS,Celtics,157,1610.4678,1616.8213,54.996677,NYK,Knicks,128,1447.3518,1440.9983,H,W,0.81974447,
32091,199005020NYK,NBA,1,1990,5/2/1990,85,1,BOS,Celtics,99,1616.8213,1609.5911,54.322468,NYK,Knicks,102,1440.9983,1448.2285,A,L,0.60741812,
32096,199005040NYK,NBA,1,1990,5/4/1990,86,1,BOS,Celtics,108,1609.5911,1584.561,51.927586,NYK,Knicks,135,1448.2285,1473.2585,A,L,0.58740091,
32100,199005060BOS,NBA,0,1990,5/6/1990,87,1,BOS,Celtics,114,1584.561,1568.941,50.38995,NYK,Knicks,121,1473.2585,1488.8785,H,L,0.77142143,
33253,199104260BOS,NBA,0,1991,4/26/1991,83,1,BOS,Celtics,127,1547.5155,1552.2596,48.026566,IND,Pacers,120,1510.7902,1506.046,H,W,0.68719846,
33260,199104280BOS,NBA,0,1991,4/28/1991,84,1,BOS,Celtics,118,1552.2596,1533.8422,46.137539,IND,Pacers,130,1506.046,1524.4635,H,L,0.69881749,
33271,199105010IND,NBA,1,1991,5/1/1991,85,1,BOS,Celtics,112,1533.8422,1545.2261,47.308308,IND,Pacers,105,1524.4635,1513.0796,A,W,0.37246454,
33276,199105030IND,NBA,1,1991,5/3/1991,86,1,BOS,Celtics,113,1545.2261,1540.9459,46.869244,IND,Pacers,116,1513.0796,1517.3597,A,L,0.40357375,
33279,199105050BOS,NBA,0,1991,5/5/1991,87,1,BOS,Celtics,124,1540.9459,1544.2965,47.213074,IND,Pacers,121,1517.3597,1514.0092,H,W,0.67071468,
33283,199105070BOS,NBA,0,1991,5/7/1991,88,1,BOS,Celtics,75,1544.2965,1529.8501,45.72485,DET,Pistons,86,1563.8438,1578.2902,H,L,0.61375487,
33286,199105090BOS,NBA,0,1991,5/9/1991,89,1,BOS,Celtics,109,1529.8501,1536.1824,46.378979,DET,Pistons,103,1578.2902,1571.9579,H,W,0.57366079,
33290,199105110DET,NBA,1,1991,5/11/1991,90,1,BOS,Celtics,115,1536.1824,1571.46,49.963573,DET,Pistons,83,1571.9579,1536.6803,A,W,0.31397802,
33295,199105130DET,NBA,1,1991,5/13/1991,91,1,BOS,Celtics,97,1571.46,1564.9479,49.310818,DET,Pistons,104,1536.6803,1543.1924,A,L,0.40722758,
33299,199105150BOS,NBA,0,1991,5/15/1991,92,1,BOS,Celtics,111,1564.9479,1554.5254,48.257019,DET,Pistons,116,1543.1924,1553.6149,H,L,0.66838306,
33300,199105170DET,NBA,1,1991,5/17/1991,93,1,BOS,Celtics,113,1554.5254,1550.2928,47.826145,DET,Pistons,117,1553.6149,1557.8474,A,L,0.36114341,
34423,199204230BOS,NBA,0,1992,4/23/1992,83,1,BOS,Celtics,124,1624.1571,1629.1434,55.036098,IND,Pacers,113,1541.9318,1536.9454,H,W,0.7405777,
34431,199204250BOS,NBA,0,1992,4/25/1992,84,1,BOS,Celtics,119,1629.1434,1632.7681,55.370674,IND,Pacers,112,1536.9454,1533.3208,H,W,0.75145376,
34439,199204270IND,NBA,1,1992,4/27/1992,85,1,BOS,Celtics,102,1632.7681,1639.1053,55.950417,IND,Pacers,98,1533.3208,1526.9835,A,W,0.49920458,
34450,199205020CLE,NBA,1,1992,5/2/1992,86,1,BOS,Celtics,76,1639.1053,1626.5416,54.794621,CLE,Cavaliers,101,1642.9319,1655.4956,A,L,0.3548761,
34454,199205040CLE,NBA,1,1992,5/4/1992,87,1,BOS,Celtics,104,1626.5416,1638.2247,55.870258,CLE,Cavaliers,98,1655.4956,1643.8125,A,W,0.32249731,
34461,199205080BOS,NBA,0,1992,5/8/1992,88,1,BOS,Celtics,110,1638.2247,1642.0439,56.216938,CLE,Cavaliers,107,1643.8125,1639.9933,H,W,0.63262171,
34465,199205100BOS,NBA,0,1992,5/10/1992,89,1,BOS,Celtics,112,1642.0439,1635.28,55.601276,CLE,Cavaliers,114,1639.9933,1646.7572,H,L,0.64278001,
34471,199205130CLE,NBA,1,1992,5/13/1992,90,1,BOS,Celtics,98,1635.28,1626.3776,54.779358,CLE,Cavaliers,114,1646.7572,1655.6597,A,L,0.34485912,
34475,199205150BOS,NBA,0,1992,5/15/1992,91,1,BOS,Celtics,122,1626.3776,1643.3167,56.331909,CLE,Cavaliers,91,1655.6597,1638.7206,H,W,0.60038871,
34478,199205170CLE,NBA,1,1992,5/17/1992,92,1,BOS,Celtics,104,1643.3167,1632.957,55.388058,CLE,Cavaliers,122,1638.7206,1649.0802,A,L,0.36605257,
35603,199304290BOS,NBA,0,1993,4/29/1993,83,1,BOS,Celtics,112,1568.7424,1573.8995,49.313751,CHH,Pelicans,101,1493.3345,1488.1774,H,W,0.7329672,
35611,199305010BOS,NBA,0,1993,5/1/1993,84,1,BOS,Celtics,98,1573.8995,1566.8315,48.600296,CHH,Pelicans,99,1488.1774,1495.2454,H,L,0.74442625,
35619,199305030CHH,NBA,1,1993,5/3/1993,85,1,BOS,Celtics,89,1566.8315,1547.197,46.594505,CHH,Pelicans,119,1495.2454,1514.8799,A,L,0.45920014,
35625,199305050CHH,NBA,1,1993,5/5/1993,86,1,BOS,Celtics,103,1547.197,1544.1003,46.275387,CHH,Pelicans,104,1514.8799,1517.9766,A,L,0.40381026,
37975,199504280ORL,NBA,1,1995,4/28/1995,83,1,BOS,Celtics,77,1464.3521,1453.833,36.330044,ORL,Magic,124,1599.7856,1610.3047,A,L,0.20501101,
37983,199504300ORL,NBA,1,1995,4/30/1995,84,1,BOS,Celtics,99,1453.833,1471.0649,38.121983,ORL,Magic,92,1610.3047,1593.0728,A,W,0.18597639,
37992,199505030BOS,NBA,0,1995,5/3/1995,85,1,BOS,Celtics,77,1471.0649,1464.5868,37.446651,ORL,Magic,82,1593.0728,1599.5509,H,L,0.4683705,
37997,199505050BOS,NBA,0,1995,5/5/1995,86,1,BOS,Celtics,92,1464.5868,1459.6937,36.937824,ORL,Magic,95,1599.5509,1604.444,H,L,0.44985178,
46329,200204210BOS,NBA,0,2002,4/21/2002,83,1,BOS,Celtics,92,1574.6733,1580.3073,49.137993,PHI,Sixers,82,1529.8698,1524.2358,H,W,0.69710642,
46339,200204250BOS,NBA,0,2002,4/25/2002,84,1,BOS,Celtics,93,1580.3073,1584.9786,49.607559,PHI,Sixers,85,1524.2358,1519.5645,H,W,0.71062458,
46347,200204280PHI,NBA,1,2002,4/28/2002,85,1,BOS,Celtics,103,1584.9786,1578.8102,48.98703,PHI,Sixers,108,1519.5645,1525.7329,A,L,0.45039076,
46353,200205010PHI,NBA,1,2002,5/1/2002,86,1,BOS,Celtics,81,1578.8102,1574.7783,48.57935,PHI,Sixers,83,1525.7329,1529.7648,A,L,0.43288034,
46357,200205030BOS,NBA,0,2002,5/3/2002,87,1,BOS,Celtics,120,1574.7783,1587.4918,49.859219,PHI,Sixers,87,1529.7648,1517.0513,H,W,0.69736153,
46360,200205050DET,NBA,1,2002,5/5/2002,88,1,BOS,Celtics,84,1587.4918,1579.0894,49.015198,DET,Pistons,96,1569.1313,1577.5338,A,L,0.38462692,
46366,200205080DET,NBA,1,2002,5/8/2002,89,1,BOS,Celtics,85,1579.0894,1591.6649,50.275543,DET,Pistons,77,1577.5338,1564.9583,A,W,0.36200052,
46369,200205100BOS,NBA,0,2002,5/10/2002,90,1,BOS,Celtics,66,1591.6649,1594.5194,50.559166,DET,Pistons,64,1564.9583,1562.1038,H,W,0.67466968,
46372,200205120BOS,NBA,0,2002,5/12/2002,91,1,BOS,Celtics,90,1594.5194,1600.855,51.185196,DET,Pistons,79,1562.1038,1555.7682,H,W,0.68184114,
46376,200205140DET,NBA,1,2002,5/14/2002,92,1,BOS,Celtics,90,1600.855,1612.632,52.335354,DET,Pistons,81,1555.7682,1543.9912,A,W,0.42162508,
46380,200205190NJN,NBA,1,2002,5/19/2002,93,1,BOS,Celtics,97,1612.632,1606.1652,51.706043,NJN,Nets,104,1579.5206,1585.9874,A,L,0.4049114,
46382,200205210NJN,NBA,1,2002,5/21/2002,94,1,BOS,Celtics,93,1606.1652,1617.1809,52.774612,NJN,Nets,86,1585.9874,1574.9717,A,W,0.38710588,
46384,200205250BOS,NBA,0,2002,5/25/2002,95,1,BOS,Celtics,94,1617.1809,1620.6567,53.10828,NJN,Nets,90,1574.9717,1571.4958,H,W,0.6939438,
46386,200205270BOS,NBA,0,2002,5/27/2002,96,1,BOS,Celtics,92,1620.6567,1612.9495,52.366104,NJN,Nets,94,1571.4958,1579.2031,H,L,0.70237625,
46388,200205290NJN,NBA,1,2002,5/29/2002,97,1,BOS,Celtics,92,1612.9495,1604.4626,51.539448,NJN,Nets,103,1579.2031,1587.6899,A,L,0.40579247,
46389,200205310BOS,NBA,0,2002,5/31/2002,98,1,BOS,Celtics,88,1604.4626,1591.203,50.229557,NJN,Nets,96,1587.6899,1600.9496,H,L,0.66199511,
47586,200304190IND,NBA,1,2003,4/19/2003,83,1,BOS,Celtics,103,1478.2422,1487.3109,39.406345,IND,Pacers,100,1533.8625,1524.7938,A,W,0.28990966,
47593,200304210IND,NBA,1,2003,4/21/2003,84,1,BOS,Celtics,77,1487.3109,1480.7722,38.722012,IND,Pacers,89,1524.7938,1531.3325,A,L,0.31186485,
47601,200304240BOS,NBA,0,2003,4/24/2003,85,1,BOS,Celtics,101,1480.7722,1493.3524,40.039444,IND,Pacers,83,1531.3325,1518.7523,H,W,0.57067305,
47610,200304270BOS,NBA,0,2003,4/27/2003,86,1,BOS,Celtics,102,1493.3524,1501.0745,40.849277,IND,Pacers,92,1518.7523,1511.0303,H,W,0.60573816,
47617,200304290IND,NBA,1,2003,4/29/2003,87,1,BOS,Celtics,88,1501.0745,1496.5875,40.378666,IND,Pacers,93,1511.0303,1515.5172,A,L,0.34684044,
47625,200305010BOS,NBA,0,2003,5/1/2003,88,1,BOS,Celtics,110,1496.5875,1508.4446,41.622322,IND,Pacers,90,1515.5172,1503.6602,H,W,0.61459726,
47634,200305050NJN,NBA,1,2003,5/5/2003,89,1,BOS,Celtics,93,1508.4446,1505.1404,41.275768,NJN,Nets,97,1561.3181,1564.6223,A,L,0.29317552,
47638,200305070NJN,NBA,1,2003,5/7/2003,90,1,BOS,Celtics,95,1505.1404,1500.2137,40.758995,NJN,Nets,104,1564.6223,1569.549,A,L,0.28535503,
47642,200305090BOS,NBA,0,2003,5/9/2003,91,1,BOS,Celtics,76,1500.2137,1483.2257,38.978661,NJN,Nets,94,1569.549,1586.537,H,L,0.54401594,
47649,200305120BOS,NBA,0,2003,5/12/2003,92,1,BOS,Celtics,101,1483.2257,1473.6101,37.9739,NJN,Nets,110,1586.537,1596.1526,H,L,0.49523482,
48862,200404170IND,NBA,1,2004,4/17/2004,83,1,BOS,Celtics,88,1436.0353,1433.0569,33.727032,IND,Pacers,104,1661.004,1663.9824,A,L,0.13346416,
48872,200404200IND,NBA,1,2004,4/20/2004,84,1,BOS,Celtics,90,1433.0569,1430.5468,33.472309,IND,Pacers,103,1663.9824,1666.4926,A,L,0.12954807,
48880,200404230BOS,NBA,0,2004,4/23/2004,85,1,BOS,Celtics,85,1430.5468,1420.3204,32.440964,IND,Pacers,108,1666.4926,1676.7189,H,L,0.31376693,
48886,200404250BOS,NBA,0,2004,4/25/2004,86,1,BOS,Celtics,75,1420.3204,1413.4042,31.74972,IND,Pacers,90,1676.7189,1683.6351,H,L,0.2889885,
50174,200504230BOS,NBA,0,2005,4/23/2005,83,1,BOS,Celtics,102,1511.8661,1525.509,44.004639,IND,Pacers,82,1564.4844,1550.8414,H,W,0.56776816,
50182,200504250BOS,NBA,0,2005,4/25/2005,84,1,BOS,Celtics,79,1525.509,1518.3048,43.252075,IND,Pacers,82,1550.8414,1558.0457,H,L,0.60583097,
50191,200504280IND,NBA,1,2005,4/28/2005,85,1,BOS,Celtics,76,1518.3048,1508.2587,42.200207,IND,Pacers,99,1558.0457,1568.0918,A,L,0.30908233,
50198,200504300IND,NBA,1,2005,4/30/2005,86,1,BOS,Celtics,110,1508.2587,1544.9792,46.026955,IND,Pacers,79,1568.0918,1531.3712,A,W,0.28494292,
50207,200505030BOS,NBA,0,2005,5/3/2005,87,1,BOS,Celtics,85,1544.9792,1534.7936,44.971451,IND,Pacers,90,1531.3712,1541.5569,H,L,0.65790689,
50213,200505050IND,NBA,1,2005,5/5/2005,88,1,BOS,Celtics,92,1534.7936,1542.7277,45.794163,IND,Pacers,89,1541.5569,1533.6228,A,W,0.35101539,
50215,200505070BOS,NBA,0,2005,5/7/2005,89,1,BOS,Celtics,70,1542.7277,1513.7803,42.778625,IND,Pacers,97,1533.6228,1562.5702,H,L,0.65204901,
54120,200804200BOS,NBA,0,2008,4/20/2008,83,1,BOS,Celtics,104,1722.051,1724.9539,62.177032,ATL,Hawks,81,1448.5555,1445.6527,H,W,0.89567,
54129,200804230BOS,NBA,0,2008,4/23/2008,84,1,BOS,Celtics,96,1724.9539,1727.4097,62.365299,ATL,Hawks,77,1445.6527,1443.1969,H,W,0.89875191,
54138,200804260ATL,NBA,1,2008,4/26/2008,85,1,BOS,Celtics,93,1727.4097,1710.4504,61.040295,ATL,Hawks,102,1443.1969,1460.1561,A,L,0.7427696,
54146,200804280ATL,NBA,1,2008,4/28/2008,86,1,BOS,Celtics,92,1710.4504,1699.1918,60.128887,ATL,Hawks,97,1460.1561,1471.4148,A,L,0.70373833,
54153,200804300BOS,NBA,0,2008,4/30/2008,87,1,BOS,Celtics,110,1699.1918,1703.1897,60.455395,ATL,Hawks,85,1471.4148,1467.4169,H,W,0.86839437,
54156,200805020ATL,NBA,1,2008,5/2/2008,88,1,BOS,Celtics,100,1703.1897,1694.5845,59.748726,ATL,Hawks,103,1467.4169,1476.0221,A,L,0.68601865,
54161,200805040BOS,NBA,0,2008,5/4/2008,89,1,BOS,Celtics,99,1694.5845,1699.8464,60.182568,ATL,Hawks,65,1476.0221,1470.7601,H,W,0.8622129,
54165,200805060BOS,NBA,0,2008,5/6/2008,90,1,BOS,Celtics,76,1699.8464,1701.6603,60.33086,CLE,Cavaliers,72,1529.7411,1527.9272,H,W,0.82561332,
54168,200805080BOS,NBA,0,2008,5/8/2008,91,1,BOS,Celtics,89,1701.6603,1705.6138,60.651833,CLE,Cavaliers,73,1527.9272,1523.9738,H,W,0.82859951,
54171,200805100CLE,NBA,1,2008,5/10/2008,92,1,BOS,Celtics,84,1705.6138,1681.0931,58.611984,CLE,Cavaliers,108,1523.9738,1548.4944,A,L,0.61537373,
54175,200805120CLE,NBA,1,2008,5/12/2008,93,1,BOS,Celtics,77,1681.0931,1668.7292,57.540173,CLE,Cavaliers,88,1548.4944,1560.8583,A,L,0.54677618,
54178,200805140BOS,NBA,0,2008,5/14/2008,94,1,BOS,Celtics,96,1668.7292,1672.0774,57.833199,CLE,Cavaliers,89,1560.8583,1557.5101,H,W,0.76791966,
54181,200805160CLE,NBA,1,2008,5/16/2008,95,1,BOS,Celtics,69,1672.0774,1664.6587,57.181183,CLE,Cavaliers,74,1557.5101,1564.9288,A,L,0.52095169,
54183,200805180BOS,NBA,0,2008,5/18/2008,96,1,BOS,Celtics,97,1664.6587,1667.5778,57.438923,CLE,Cavaliers,92,1564.9288,1562.0098,H,W,0.75946295,
54185,200805200BOS,NBA,0,2008,5/20/2008,97,1,BOS,Celtics,88,1667.5778,1674.0226,58.002499,DET,Pistons,79,1666.0707,1659.6259,H,W,0.64206123,
54187,200805220BOS,NBA,0,2008,5/22/2008,98,1,BOS,Celtics,97,1674.0226,1662.8054,57.016758,DET,Pistons,103,1659.6259,1670.843,H,L,0.65892798,
54189,200805240DET,NBA,1,2008,5/24/2008,99,1,BOS,Celtics,94,1662.8054,1681.1259,58.614784,DET,Pistons,80,1670.843,1652.5226,A,W,0.34934616,
54191,200805260DET,NBA,1,2008,5/26/2008,100,1,BOS,Celtics,75,1681.1259,1669.2024,57.581703,DET,Pistons,94,1652.5226,1664.446,A,L,0.39867413,
54193,200805280BOS,NBA,0,2008,5/28/2008,101,1,BOS,Celtics,106,1669.2024,1673.3297,57.942276,DET,Pistons,102,1664.446,1660.3187,H,W,0.6463483,
54195,200805300DET,NBA,1,2008,5/30/2008,102,1,BOS,Celtics,89,1673.3297,1685.4816,58.985554,DET,Pistons,81,1660.3187,1648.1669,A,W,0.37736464,
54196,200806050BOS,NBA,0,2008,6/5/2008,103,1,BOS,Celtics,98,1685.4816,1694.0795,59.706806,LAL,Lakers,88,1736.7959,1728.198,H,W,0.56960928,
54197,200806080BOS,NBA,0,2008,6/8/2008,104,1,BOS,Celtics,108,1694.0795,1700.0486,60.199127,LAL,Lakers,102,1728.198,1722.2289,H,W,0.59369081,
54198,200806100LAL,NBA,1,2008,6/10/2008,105,1,BOS,Celtics,81,1700.0486,1695.3843,59.815018,LAL,Lakers,87,1722.2289,1726.8932,A,L,0.33107513,
54199,200806120LAL,NBA,1,2008,6/12/2008,106,1,BOS,Celtics,97,1695.3843,1707.1495,60.775684,LAL,Lakers,91,1726.8932,1715.1279,A,W,0.31929225,
54200,200806150LAL,NBA,1,2008,6/15/2008,107,1,BOS,Celtics,98,1707.1495,1702.6226,60.409267,LAL,Lakers,103,1715.1279,1719.6549,A,L,0.34942365,
54201,200806170BOS,NBA,0,2008,6/17/2008,108,1,BOS,Celtics,131,1702.6226,1721.6619,61.922741,LAL,Lakers,92,1719.6549,1700.6156,H,W,0.61718106,
55432,200904180BOS,NBA,0,2009,4/18/2009,83,1,BOS,Celtics,103,1692.6703,1682.5043,58.65881,CHI,Bulls,105,1523.134,1533.3,H,L,0.82514113,
55440,200904200BOS,NBA,0,2009,4/20/2009,84,1,BOS,Celtics,118,1682.5043,1684.2979,58.811745,CHI,Bulls,115,1533.3,1531.5065,H,W,0.80760694,
55448,200904230CHI,NBA,1,2009,4/23/2009,85,1,BOS,Celtics,107,1684.2979,1698.1068,59.968628,CHI,Bulls,86,1531.5065,1517.6975,A,W,0.57539356,
55458,200904260CHI,NBA,1,2009,4/26/2009,86,1,BOS,Celtics,118,1698.1068,1690.7732,59.358799,CHI,Bulls,121,1517.6975,1525.0311,A,L,0.6136955,
55465,200904280BOS,NBA,0,2009,4/28/2009,87,1,BOS,Celtics,106,1690.7732,1692.192,59.477592,CHI,Bulls,104,1525.0311,1523.6123,H,W,0.82196742,
55471,200904300CHI,NBA,1,2009,4/30/2009,88,1,BOS,Celtics,127,1692.192,1687.0822,59.047947,CHI,Bulls,128,1523.6123,1528.7222,A,L,0.59743202,
55475,200905020BOS,NBA,0,2009,5/2/2009,89,1,BOS,Celtics,109,1687.0822,1690.2527,59.315121,CHI,Bulls,99,1528.7222,1525.5516,H,W,0.81566358,
55478,200905040BOS,NBA,0,2009,5/4/2009,90,1,BOS,Celtics,90,1690.2527,1679.0691,58.364212,ORL,Magic,95,1642.51,1653.6936,H,L,0.70066684,
55482,200905060BOS,NBA,0,2009,5/6/2009,91,1,BOS,Celtics,112,1679.0691,1688.1222,59.135799,ORL,Magic,94,1653.6936,1644.6405,H,W,0.67298549,
55486,200905080ORL,NBA,1,2009,5/8/2009,92,1,BOS,Celtics,96,1688.1222,1674.5223,57.970901,ORL,Magic,117,1644.6405,1658.2404,A,L,0.41937357,
55490,200905100ORL,NBA,1,2009,5/10/2009,93,1,BOS,Celtics,95,1674.5223,1679.8785,58.433826,ORL,Magic,94,1658.2404,1652.8842,A,W,0.38179892,
55493,200905120BOS,NBA,0,2009,5/12/2009,94,1,BOS,Celtics,92,1679.8785,1683.6099,58.753151,ORL,Magic,88,1652.8842,1649.1528,H,W,0.67503309,
55497,200905140ORL,NBA,1,2009,5/14/2009,95,1,BOS,Celtics,75,1683.6099,1676.5913,58.150349,ORL,Magic,83,1649.1528,1656.1714,A,L,0.40677929,
55498,200905170BOS,NBA,0,2009,5/17/2009,96,1,BOS,Celtics,82,1676.5913,1653.2666,56.082638,ORL,Magic,101,1656.1714,1679.4961,H,L,0.66667682,
56748,201004170BOS,NBA,0,2010,4/17/2010,83,1,BOS,Celtics,85,1537.5981,1545.823,45.468121,MIA,Heat,76,1593.7953,1585.5704,H,W,0.56270552,
56758,201004200BOS,NBA,0,2010,4/20/2010,84,1,BOS,Celtics,106,1545.823,1562.6808,47.206181,MIA,Heat,77,1585.5704,1568.7126,H,W,0.58585149,
56766,201004230MIA,NBA,1,2010,4/23/2010,85,1,BOS,Celtics,100,1562.6808,1569.5236,47.905586,MIA,Heat,98,1568.7126,1561.8699,A,W,0.35197514,
56774,201004250MIA,NBA,1,2010,4/25/2010,86,1,BOS,Celtics,92,1569.5236,1562.8134,47.219765,MIA,Heat,101,1561.8699,1568.5801,A,L,0.37014657,
56780,201004270BOS,NBA,0,2010,4/27/2010,87,1,BOS,Celtics,96,1562.8134,1569.9084,47.944805,MIA,Heat,86,1568.5801,1561.485,H,W,0.63238227,
56791,201005010CLE,NBA,1,2010,5/1/2010,88,1,BOS,Celtics,93,1569.9084,1566.8972,47.637608,CLE,Cavaliers,101,1712.8506,1715.8618,A,L,0.19805628,
56794,201005030CLE,NBA,1,2010,5/3/2010,89,1,BOS,Celtics,104,1566.8972,1597.6079,50.728912,CLE,Cavaliers,86,1715.8618,1685.1511,A,W,0.19260752,
56800,201005070BOS,NBA,0,2010,5/7/2010,90,1,BOS,Celtics,95,1597.6079,1575.2876,48.491558,CLE,Cavaliers,124,1685.1511,1707.4714,H,L,0.51791906,
56804,201005090BOS,NBA,0,2010,5/9/2010,91,1,BOS,Celtics,97,1575.2876,1586.9232,49.664604,CLE,Cavaliers,87,1707.4714,1695.8358,H,W,0.45381576,
56808,201005110CLE,NBA,1,2010,5/11/2010,92,1,BOS,Celtics,120,1586.9232,1629.2451,53.795071,CLE,Cavaliers,88,1695.8358,1653.5139,A,W,0.23101342,
56809,201005130BOS,NBA,0,2010,5/13/2010,93,1,BOS,Celtics,94,1629.2451,1636.4535,54.473576,CLE,Cavaliers,85,1653.5139,1646.3055,H,W,0.60729212,
56810,201005160ORL,NBA,1,2010,5/16/2010,94,1,BOS,Celtics,92,1636.4535,1649.1077,55.644726,ORL,Magic,88,1781.7629,1769.1088,A,W,0.19590074,
56812,201005180ORL,NBA,1,2010,5/18/2010,95,1,BOS,Celtics,95,1649.1077,1659.6936,56.603958,ORL,Magic,92,1769.1088,1758.5228,A,W,0.21986932,
56814,201005220BOS,NBA,0,2010,5/22/2010,96,1,BOS,Celtics,94,1659.6936,1677.6842,58.188869,ORL,Magic,71,1758.5228,1740.5322,H,W,0.5016849,
56816,201005240BOS,NBA,0,2010,5/24/2010,97,1,BOS,Celtics,92,1677.6842,1670.4718,57.560505,ORL,Magic,96,1740.5322,1747.7446,H,L,0.55326313,
56818,201005260ORL,NBA,1,2010,5/26/2010,98,1,BOS,Celtics,92,1670.4718,1662.6071,56.864555,ORL,Magic,113,1747.7446,1755.6094,A,L,0.26493692,
56820,201005280BOS,NBA,0,2010,5/28/2010,99,1,BOS,Celtics,96,1662.6071,1673.9454,57.864326,ORL,Magic,84,1755.6094,1744.271,H,W,0.51006913,
56822,201006030LAL,NBA,1,2010,6/3/2010,100,1,BOS,Celtics,89,1673.9454,1666.2179,57.185452,LAL,Lakers,102,1686.3225,1694.05,A,L,0.34368968,
56823,201006060LAL,NBA,1,2010,6/6/2010,101,1,BOS,Celtics,103,1666.2179,1680.8792,58.464149,LAL,Lakers,94,1694.05,1679.3888,A,W,0.32390988,
56824,201006080BOS,NBA,0,2010,6/8/2010,102,1,BOS,Celtics,84,1680.8792,1669.1219,57.441845,LAL,Lakers,91,1679.3888,1691.146,H,L,0.64203912,
56825,201006100BOS,NBA,0,2010,6/10/2010,103,1,BOS,Celtics,96,1669.1219,1675.2927,57.981575,LAL,Lakers,89,1691.146,1684.9752,H,W,0.6103695,
56826,201006130BOS,NBA,0,2010,6/13/2010,104,1,BOS,Celtics,92,1675.2927,1680.6708,58.446255,LAL,Lakers,86,1684.9752,1679.5972,H,W,0.62712657,
56827,201006150LAL,NBA,1,2010,6/15/2010,105,1,BOS,Celtics,67,1680.6708,1668.9438,57.426167,LAL,Lakers,89,1679.5972,1691.3241,A,L,0.36136001,
56828,201006170LAL,NBA,1,2010,6/17/2010,106,1,BOS,Celtics,79,1668.9438,1665.1326,57.089245,LAL,Lakers,83,1691.3241,1695.1354,A,L,0.33082026,
58063,201104170BOS,NBA,0,2011,4/17/2011,83,1,BOS,Celtics,87,1614.9241,1616.8002,52.558483,NYK,Knicks,85,1502.2349,1500.3588,H,W,0.77282596,
58069,201104190BOS,NBA,0,2011,4/19/2011,84,1,BOS,Celtics,96,1616.8002,1618.9294,52.763767,NYK,Knicks,93,1500.3588,1498.2295,H,W,0.77659571,
58080,201104220NYK,NBA,1,2011,4/22/2011,85,1,BOS,Celtics,113,1618.9294,1632.4808,54.054867,NYK,Knicks,96,1498.2295,1484.6781,A,W,0.5297544,
58087,201104240NYK,NBA,1,2011,4/24/2011,86,1,BOS,Celtics,101,1632.4808,1642.1561,54.959549,NYK,Knicks,89,1484.6781,1475.0028,A,W,0.56836283,
58102,201105010MIA,NBA,1,2011,5/1/2011,87,1,BOS,Celtics,90,1642.1561,1636.7281,54.453823,MIA,Heat,99,1681.2721,1686.7001,A,L,0.30985105,
58106,201105030MIA,NBA,1,2011,5/3/2011,88,1,BOS,Celtics,91,1636.7281,1630.895,53.905193,MIA,Heat,102,1686.7001,1692.5332,A,L,0.29664874,
58112,201105070BOS,NBA,0,2011,5/7/2011,89,1,BOS,Celtics,97,1630.895,1643.035,55.040993,MIA,Heat,81,1692.5332,1680.3932,H,W,0.55498385,
58116,201105090BOS,NBA,0,2011,5/9/2011,90,1,BOS,Celtics,90,1643.035,1631.7719,53.987999,MIA,Heat,98,1680.3932,1691.6564,H,L,0.58918458,
58119,201105110MIA,NBA,1,2011,5/11/2011,91,1,BOS,Celtics,87,1631.7719,1626.5297,53.491215,MIA,Heat,97,1691.6564,1696.8986,A,L,0.28488266,
59134,201204290ATL,NBA,1,2012,4/29/2012,67,1,BOS,Celtics,74,1620.0554,1612.1561,52.073162,ATL,Hawks,83,1573.8329,1581.7322,A,L,0.42322022,
59141,201205010ATL,NBA,1,2012,5/1/2012,68,1,BOS,Celtics,87,1612.1561,1622.8253,53.102833,ATL,Hawks,80,1581.7322,1571.063,A,W,0.40118933,
59149,201205040BOS,NBA,0,2012,5/4/2012,69,1,BOS,Celtics,90,1622.8253,1626.8868,53.490543,ATL,Hawks,84,1571.063,1567.0015,H,W,0.70549721,
59156,201205060BOS,NBA,0,2012,5/6/2012,70,1,BOS,Celtics,101,1626.8868,1635.7322,54.326359,ATL,Hawks,79,1567.0015,1558.1561,H,W,0.71511835,
59162,201205080ATL,NBA,1,2012,5/8/2012,71,1,BOS,Celtics,86,1635.7322,1632.0175,53.976799,ATL,Hawks,87,1558.1561,1561.8708,A,L,0.46777409,
59168,201205100BOS,NBA,0,2012,5/10/2012,72,1,BOS,Celtics,83,1632.0175,1634.7042,54.229843,ATL,Hawks,80,1561.8708,1559.1841,H,W,0.72699761,
59172,201205120BOS,NBA,0,2012,5/12/2012,73,1,BOS,Celtics,92,1634.7042,1636.5253,54.400715,PHI,Sixers,91,1551.4618,1549.6407,H,W,0.74170095,
59176,201205140BOS,NBA,0,2012,5/14/2012,74,1,BOS,Celtics,81,1636.5253,1629.4375,53.732777,PHI,Sixers,82,1549.6407,1556.7285,H,L,0.7456972,
59181,201205160PHI,NBA,1,2012,5/16/2012,75,1,BOS,Celtics,107,1629.4375,1644.9365,55.18314,PHI,Sixers,91,1556.7285,1541.2295,A,W,0.46080565,
59185,201205180PHI,NBA,1,2012,5/18/2012,76,1,BOS,Celtics,83,1644.9365,1635.0696,54.264164,PHI,Sixers,92,1541.2295,1551.0964,A,L,0.50533462,
59190,201205210BOS,NBA,0,2012,5/21/2012,77,1,BOS,Celtics,101,1635.0696,1641.3807,54.85376,PHI,Sixers,85,1551.0964,1544.7853,H,W,0.74250603,
59193,201205230PHI,NBA,1,2012,5/23/2012,78,1,BOS,Celtics,75,1641.3807,1633.073,54.076344,PHI,Sixers,82,1544.7853,1553.093,A,L,0.49510062,
59195,201205260BOS,NBA,0,2012,5/26/2012,79,1,BOS,Celtics,85,1633.073,1637.8248,54.522339,PHI,Sixers,75,1553.093,1548.3412,H,W,0.73808676,
59197,201205280MIA,NBA,1,2012,5/28/2012,80,1,BOS,Celtics,79,1637.8248,1630.3842,53.822433,MIA,Heat,93,1669.0656,1676.5062,A,L,0.31962788,
59199,201205300MIA,NBA,1,2012,5/30/2012,81,1,BOS,Celtics,111,1630.3842,1626.972,53.49865,MIA,Heat,115,1676.5062,1679.9183,A,L,0.30129343,
59201,201206010BOS,NBA,0,2012,6/1/2012,82,1,BOS,Celtics,101,1626.972,1635.6268,54.316479,MIA,Heat,91,1679.9183,1671.2635,H,W,0.56730473,
59203,201206030BOS,NBA,0,2012,6/3/2012,83,1,BOS,Celtics,93,1635.6268,1639.3804,54.667564,MIA,Heat,91,1671.2635,1667.51,H,W,0.59158099,
59205,201206050MIA,NBA,1,2012,6/5/2012,84,1,BOS,Celtics,94,1639.3804,1648.9141,55.549133,MIA,Heat,90,1667.51,1657.9763,A,W,0.32353497,
59207,201206070BOS,NBA,0,2012,6/7/2012,85,1,BOS,Celtics,79,1648.9141,1627.5028,53.549129,MIA,Heat,98,1657.9763,1679.3876,H,L,0.6279611,
59208,201206090MIA,NBA,1,2012,6/9/2012,86,1,BOS,Celtics,88,1627.5028,1621.0709,52.93462,MIA,Heat,101,1679.3876,1685.8195,A,L,0.29435641,
60446,201304200NYK,NBA,1,2013,4/20/2013,82,1,BOS,Celtics,78,1476.7135,1473.9846,37.838882,NYK,Knicks,85,1623.847,1626.5759,A,L,0.19425195,
60455,201304230NYK,NBA,1,2013,4/23/2013,83,1,BOS,Celtics,71,1473.9846,1469.5549,37.377411,NYK,Knicks,87,1626.5759,1631.0056,A,L,0.18938172,
60462,201304260BOS,NBA,0,2013,4/26/2013,84,1,BOS,Celtics,76,1469.5549,1459.4418,36.327503,NYK,Knicks,90,1631.0056,1641.1188,H,L,0.41247612,
60469,201304280BOS,NBA,0,2013,4/28/2013,85,1,BOS,Celtics,97,1459.4418,1470.5205,37.477928,NYK,Knicks,90,1641.1188,1630.04,H,W,0.38457587,
60479,201305010NYK,NBA,1,2013,5/1/2013,86,1,BOS,Celtics,92,1470.5205,1486.4598,39.142464,NYK,Knicks,86,1630.04,1614.1007,A,W,0.18333489,
60484,201305030BOS,NBA,0,2013,5/3/2013,87,1,BOS,Celtics,80,1486.4598,1478.2821,38.28735,NYK,Knicks,88,1614.1007,1622.2784,H,L,0.4603053,
63082,201504190CLE,NBA,1,2015,4/19/2015,83,1,BOS,Celtics,100,1551.8619,1546.2174,45.355377,CLE,Cavaliers,113,1630.6193,1636.2638,A,L,0.2632761,
63087,201504210CLE,NBA,1,2015,4/21/2015,84,1,BOS,Celtics,91,1546.2174,1542.2632,44.944851,CLE,Cavaliers,99,1636.2638,1640.218,A,L,0.25086677,
63093,201504230BOS,NBA,0,2015,4/23/2015,85,1,BOS,Celtics,95,1542.2632,1533.1155,43.99221,CLE,Cavaliers,103,1640.218,1649.3657,H,L,0.50294322,
63103,201504260BOS,NBA,0,2015,4/26/2015,86,1,BOS,Celtics,93,1533.1155,1524.5715,43.09948,CLE,Cavaliers,101,1649.3657,1657.9097,H,L,0.47663105,
